-- POPOLAMENTO DATI: Centro Veterinario
-- Dati generati: 100 clienti, 15 veterinari, 220 animali, 500 visite

USE centro_veterinario;

SET FOREIGN_KEY_CHECKS = 0;
TRUNCATE TABLE Visita;
TRUNCATE TABLE Animale;
TRUNCATE TABLE Veterinario;
TRUNCATE TABLE Cliente;
SET FOREIGN_KEY_CHECKS = 1;


-- Cliente
INSERT INTO Cliente (CodiceCliente, Nome, Cognome, Indirizzo, Telefono, Email) VALUES
(1, 'Maria', 'Mariani', 'Via Verdi 63, Bari', '3242719583', 'maria.mariani1@email.it'),
(2, 'Giulia', 'Lombardi', 'Viale Europa 9, Lecce', '3224668136', 'giulia.lombardi2@email.it'),
(3, 'Marco', 'Rizzo', 'Corso Italia 140, Taranto', '3278536477', 'marco.rizzo3@email.it'),
(4, 'Maria', 'Romano', 'Via Napoli 109, Brindisi', '3283608513', 'maria.romano4@email.it'),
(5, 'Antonio', 'Esposito', 'Via Garibaldi 98, Lecce', '3316770619', 'antonio.esposito5@email.it'),
(6, 'Anna', 'Mariani', 'Via dei Mille 138, Lecce', '3497350753', 'anna.mariani6@email.it'),
(7, 'Roberto', 'Barbieri', 'Via Trieste 93, Foggia', '3262166941', 'roberto.barbieri7@email.it'),
(8, 'Davide', 'Greco', 'Via Garibaldi 60, Lecce', '3325663623', 'davide.greco8@email.it'),
(9, 'Paolo', 'Romano', 'Via Manzoni 91, Bari', '3415479144', 'paolo.romano9@email.it'),
(10, 'Giulia', 'Moretti', 'Via Milano 44, Foggia', '3435107245', 'giulia.moretti10@email.it'),
(11, 'Stefano', 'Marino', 'Via Milano 143, Bari', '3416440561', 'stefano.marino11@email.it'),
(12, 'Anna', 'Ricci', 'Via Roma 81, Taranto', '3282110460', 'anna.ricci12@email.it'),
(13, 'Antonio', 'Colombo', 'Via Milano 128, Taranto', '3488698256', 'antonio.colombo13@email.it'),
(14, 'Francesco', 'Ricci', 'Via Napoli 144, Foggia', '3288187926', 'francesco.ricci14@email.it'),
(15, 'Alessandra', 'Gallo', 'Corso Italia 36, Foggia', '3352525206', 'alessandra.gallo15@email.it'),
(16, 'Francesca', 'Bianchi', 'Via Milano 41, Taranto', '3392065818', 'francesca.bianchi16@email.it'),
(17, 'Fabio', 'Giordano', 'Via Verdi 142, Lecce', '3412921859', 'fabio.giordano17@email.it'),
(18, 'Laura', 'Barbieri', 'Via Manzoni 29, Brindisi', '3333653446', 'laura.barbieri18@email.it'),
(19, 'Simone', 'Giordano', 'Via Dante 130, Lecce', '3476007072', 'simone.giordano19@email.it'),
(20, 'Sara', 'Bianchi', 'Via Manzoni 42, Foggia', '3449897858', 'sara.bianchi20@email.it'),
(21, 'Federica', 'Costa', 'Via Roma 29, Brindisi', '3486159230', 'federica.costa21@email.it'),
(22, 'Davide', 'Lombardi', 'Via Garibaldi 22, Taranto', '3462161193', 'davide.lombardi22@email.it'),
(23, 'Chiara', 'Bianchi', 'Via Milano 122, Foggia', '3255446912', 'chiara.bianchi23@email.it'),
(24, 'Roberta', 'Colombo', 'Via Cavour 52, Brindisi', '3327264956', 'roberta.colombo24@email.it'),
(25, 'Fabio', 'Esposito', 'Corso Italia 58, Lecce', '3301352896', 'fabio.esposito25@email.it'),
(26, 'Valentina', 'Lombardi', 'Corso Italia 2, Lecce', '3421987737', 'valentina.lombardi26@email.it'),
(27, 'Luca', 'Bruno', 'Via Garibaldi 132, Bari', '3289143903', 'luca.bruno27@email.it'),
(28, 'Francesco', 'Mariani', 'Via Trieste 148, Taranto', '3278935169', 'francesco.mariani28@email.it'),
(29, 'Sara', 'Esposito', 'Via Garibaldi 111, Brindisi', '3337897151', 'sara.esposito29@email.it'),
(30, 'Luca', 'Fontana', 'Via Milano 26, Lecce', '3326692553', 'luca.fontana30@email.it'),
(31, 'Francesca', 'Ricci', 'Corso Italia 49, Foggia', '3343351868', 'francesca.ricci31@email.it'),
(32, 'Simone', 'Mancini', 'Corso Italia 20, Taranto', '3452642635', 'simone.mancini32@email.it'),
(33, 'Marco', 'Ferrari', 'Corso Italia 43, Taranto', '3359075854', 'marco.ferrari33@email.it'),
(34, 'Stefano', 'Russo', 'Via Dante 98, Lecce', '3325449368', 'stefano.russo34@email.it'),
(35, 'Sofia', 'Greco', 'Viale Europa 143, Taranto', '3244185957', 'sofia.greco35@email.it'),
(36, 'Luca', 'Lombardi', 'Via Napoli 139, Lecce', '3436261415', 'luca.lombardi36@email.it'),
(37, 'Riccardo', 'Giordano', 'Via Cavour 41, Lecce', '3362344047', 'riccardo.giordano37@email.it'),
(38, 'Giulia', 'Moretti', 'Via Garibaldi 61, Taranto', '3235130808', 'giulia.moretti38@email.it'),
(39, 'Anna', 'Moretti', 'Via Garibaldi 108, Foggia', '3389770838', 'anna.moretti39@email.it'),
(40, 'Simone', 'Colombo', 'Via Milano 81, Bari', '3287640184', 'simone.colombo40@email.it'),
(41, 'Roberto', 'Mancini', 'Via Manzoni 19, Lecce', '3342677407', 'roberto.mancini41@email.it'),
(42, 'Matteo', 'Giordano', 'Via Verdi 34, Brindisi', '3482154126', 'matteo.giordano42@email.it'),
(43, 'Martina', 'Greco', 'Via Dante 113, Foggia', '3426075395', 'martina.greco43@email.it'),
(44, 'Maria', 'Fontana', 'Via Cavour 77, Lecce', '3483253031', 'maria.fontana44@email.it'),
(45, 'Andrea', 'Mariani', 'Via Cavour 40, Brindisi', '3294533779', 'andrea.mariani45@email.it'),
(46, 'Sara', 'Fontana', 'Via Milano 68, Foggia', '3355213115', 'sara.fontana46@email.it'),
(47, 'Anna', 'Ferrari', 'Via Milano 109, Brindisi', '3211059486', 'anna.ferrari47@email.it'),
(48, 'Francesco', 'Barbieri', 'Via Verdi 42, Taranto', '3378175395', 'francesco.barbieri48@email.it'),
(49, 'Francesca', 'Ferrari', 'Via Napoli 39, Foggia', '3217194416', 'francesca.ferrari49@email.it'),
(50, 'Chiara', 'De Luca', 'Via Dante 11, Brindisi', '3311669324', 'chiara.deluca50@email.it'),
(51, 'Sara', 'Fontana', 'Corso Italia 27, Brindisi', '3447817881', 'sara.fontana51@email.it'),
(52, 'Chiara', 'Ricci', 'Via Dante 46, Taranto', '3204009172', 'chiara.ricci52@email.it'),
(53, 'Federica', 'De Luca', 'Via Milano 64, Brindisi', '3252813543', 'federica.deluca53@email.it'),
(54, 'Luca', 'Costa', 'Corso Italia 52, Taranto', '3316120253', 'luca.costa54@email.it'),
(55, 'Valentina', 'Ricci', 'Via Roma 50, Taranto', '3305674183', 'valentina.ricci55@email.it'),
(56, 'Laura', 'Gallo', 'Via Milano 131, Taranto', '3419996207', 'laura.gallo56@email.it'),
(57, 'Marco', 'Esposito', 'Via Verdi 46, Foggia', '3281641849', 'marco.esposito57@email.it'),
(58, 'Giovanni', 'Gallo', 'Via Napoli 81, Taranto', '3399580255', 'giovanni.gallo58@email.it'),
(59, 'Matteo', 'Marino', 'Via Roma 112, Lecce', '3364305700', 'matteo.marino59@email.it'),
(60, 'Giuseppe', 'Fontana', 'Via Manzoni 81, Lecce', '3436038571', 'giuseppe.fontana60@email.it'),
(61, 'Roberta', 'Bruno', 'Viale Europa 76, Foggia', '3244218542', 'roberta.bruno61@email.it'),
(62, 'Stefano', 'Fontana', 'Via Napoli 45, Foggia', '3386049101', 'stefano.fontana62@email.it'),
(63, 'Marco', 'Greco', 'Via Verdi 54, Taranto', '3456406444', 'marco.greco63@email.it'),
(64, 'Fabio', 'Fontana', 'Corso Italia 131, Taranto', '3453846949', 'fabio.fontana64@email.it'),
(65, 'Silvia', 'Giordano', 'Via Milano 86, Lecce', '3464940441', 'silvia.giordano65@email.it'),
(66, 'Valentina', 'Colombo', 'Via Dante 7, Lecce', '3278971465', 'valentina.colombo66@email.it'),
(67, 'Giulia', 'Mancini', 'Viale Europa 148, Bari', '3427442089', 'giulia.mancini67@email.it'),
(68, 'Davide', 'Bianchi', 'Via Milano 2, Lecce', '3448132769', 'davide.bianchi68@email.it'),
(69, 'Fabio', 'Russo', 'Via Cavour 64, Lecce', '3343237058', 'fabio.russo69@email.it'),
(70, 'Federica', 'Mancini', 'Via Trieste 130, Taranto', '3468481188', 'federica.mancini70@email.it'),
(71, 'Elisa', 'Mancini', 'Via Verdi 64, Brindisi', '3449745959', 'elisa.mancini71@email.it'),
(72, 'Davide', 'Marino', 'Via dei Mille 20, Brindisi', '3275558623', 'davide.marino72@email.it'),
(73, 'Giuseppe', 'Bianchi', 'Via Dante 60, Taranto', '3423563646', 'giuseppe.bianchi73@email.it'),
(74, 'Giulia', 'De Luca', 'Viale Europa 85, Foggia', '3347975534', 'giulia.deluca74@email.it'),
(75, 'Giovanni', 'Conti', 'Via Trieste 6, Foggia', '3329002392', 'giovanni.conti75@email.it'),
(76, 'Paolo', 'Greco', 'Viale Europa 108, Foggia', '3434700025', 'paolo.greco76@email.it'),
(77, 'Simone', 'De Luca', 'Via dei Mille 8, Taranto', '3307783308', 'simone.deluca77@email.it'),
(78, 'Sofia', 'Bianchi', 'Via Trieste 137, Lecce', '3497610562', 'sofia.bianchi78@email.it'),
(79, 'Maria', 'Ferrari', 'Via Milano 110, Bari', '3478746014', 'maria.ferrari79@email.it'),
(80, 'Simone', 'Conti', 'Via Manzoni 55, Taranto', '3306662319', 'simone.conti80@email.it'),
(81, 'Alessandra', 'Marino', 'Viale Europa 65, Lecce', '3351325197', 'alessandra.marino81@email.it'),
(82, 'Anna', 'Gallo', 'Corso Italia 18, Lecce', '3441520596', 'anna.gallo82@email.it'),
(83, 'Sara', 'Rossi', 'Via Trieste 40, Bari', '3248945036', 'sara.rossi83@email.it'),
(84, 'Sara', 'Mancini', 'Via Napoli 66, Brindisi', '3252921542', 'sara.mancini84@email.it'),
(85, 'Elena', 'Greco', 'Via Garibaldi 149, Lecce', '3496233774', 'elena.greco85@email.it'),
(86, 'Alessandra', 'Conti', 'Via Napoli 51, Lecce', '3385074336', 'alessandra.conti86@email.it'),
(87, 'Roberto', 'Fontana', 'Via Trieste 31, Foggia', '3451689025', 'roberto.fontana87@email.it'),
(88, 'Giovanni', 'Fontana', 'Via Manzoni 18, Foggia', '3406724909', 'giovanni.fontana88@email.it'),
(89, 'Giovanni', 'Costa', 'Via Garibaldi 111, Brindisi', '3408713146', 'giovanni.costa89@email.it'),
(90, 'Roberta', 'Romano', 'Via Napoli 134, Brindisi', '3399111742', 'roberta.romano90@email.it'),
(91, 'Simone', 'Bruno', 'Corso Italia 23, Brindisi', '3488563202', 'simone.bruno91@email.it'),
(92, 'Fabio', 'Lombardi', 'Via Trieste 98, Brindisi', '3209293086', 'fabio.lombardi92@email.it'),
(93, 'Elena', 'Costa', 'Corso Italia 91, Brindisi', '3305691890', 'elena.costa93@email.it'),
(94, 'Laura', 'Rizzo', 'Via Roma 133, Bari', '3225049282', 'laura.rizzo94@email.it'),
(95, 'Elisa', 'Rizzo', 'Corso Italia 122, Taranto', '3341289293', 'elisa.rizzo95@email.it'),
(96, 'Davide', 'Conti', 'Via Napoli 63, Brindisi', '3417191135', 'davide.conti96@email.it'),
(97, 'Paolo', 'De Luca', 'Via Napoli 141, Brindisi', '3318612582', 'paolo.deluca97@email.it'),
(98, 'Simone', 'Ricci', 'Via Garibaldi 50, Brindisi', '3239990305', 'simone.ricci98@email.it'),
(99, 'Elena', 'Colombo', 'Corso Italia 124, Brindisi', '3439801946', 'elena.colombo99@email.it'),
(100, 'Francesca', 'Colombo', 'Via Verdi 59, Brindisi', '3256071208', 'francesca.colombo100@email.it');


-- Veterinario
INSERT INTO Veterinario (CodiceVeterinario, Nome, Cognome, Specializzazione, Attivo) VALUES
(1, 'Francesco', 'Marino', 'Medicina generale', 1),
(2, 'Luca', 'Rizzo', 'Chirurgia', 1),
(3, 'Francesco', 'Barbieri', 'Dermatologia', 1),
(4, 'Elisa', 'Esposito', 'Odontoiatria', 1),
(5, 'Silvia', 'Costa', 'Cardiologia', 1),
(6, 'Antonio', 'Romano', 'Oncologia', 1),
(7, 'Laura', 'Costa', 'Ortopedia', 1),
(8, 'Giuseppe', 'Conti', 'Oftalmologia', 1),
(9, 'Luca', 'Bianchi', 'Medicina interna', 1),
(10, 'Roberto', 'Ferrari', 'Nutrizione', 1),
(11, 'Francesca', 'Rizzo', 'Medicina generale', 1),
(12, 'Valentina', 'Giordano', 'Chirurgia', 1),
(13, 'Fabio', 'Greco', 'Dermatologia', 1),
(14, 'Roberta', 'Greco', 'Odontoiatria', 1),
(15, 'Anna', 'Moretti', 'Cardiologia', 1);


-- Animale
INSERT INTO Animale (CodiceAnimale, Nome, Specie, Razza, DataNascita, DataNascitaStimata, Sesso, Attivo, CodiceCliente) VALUES
(1, 'Milo', 'Tartaruga', 'Testudo Hermanni', '2021-05-11', 0, 'M', 1, 93),
(2, 'Buddy', 'Uccello', 'Cocorita', '2017-11-16', 0, 'M', 1, 64),
(3, 'Sissi', 'Gatto', 'Certosino', '2014-06-15', 0, 'F', 1, 79),
(4, 'Nina', 'Tartaruga', 'Testudo Hermanni', '2014-11-05', 0, 'F', 1, 22),
(5, 'Otto', 'Tartaruga', 'Testudo Hermanni', '2025-09-29', 0, 'M', 1, 50),
(6, 'Milo', 'Gatto', 'Europeo', '2023-10-27', 0, 'M', 1, 57),
(7, 'Otto', 'Coniglio', 'Meticcio', '2018-11-11', 0, 'F', 1, 63),
(8, 'Thor', 'Tartaruga', 'Testudo Hermanni', '2018-05-02', 0, 'M', 1, 12),
(9, 'Simba', 'Coniglio', 'Ariete', '2022-02-07', 0, 'F', 1, 41),
(10, 'Athena', 'Tartaruga', 'Trachemys', '2019-01-15', 0, 'M', 1, 52),
(11, 'Milo', 'Tartaruga', 'Trachemys', '2015-03-11', 0, 'F', 1, 62),
(12, 'Luna', 'Gatto', 'Maine Coon', '2014-12-28', 0, 'F', 1, 99),
(13, 'Luna', 'Gatto', 'Maine Coon', '2017-01-22', 0, 'M', 1, 89),
(14, 'Argo', 'Uccello', 'Canarino', '2023-12-12', 1, 'F', 1, 7),
(15, 'Ginger', 'Gatto', 'Europeo', '2014-12-20', 0, 'F', 1, 24),
(16, 'Athena', 'Coniglio', 'Meticcio', '2015-11-04', 0, 'F', 1, 44),
(17, 'Nala', 'Cane', 'Pastore Tedesco', '2015-05-26', 0, 'F', 1, 40),
(18, 'Milo', 'Cane', 'Pastore Tedesco', '2012-06-27', 0, 'M', 0, 83),
(19, 'Sissi', 'Cane', 'Meticcio', '2022-10-11', 0, 'F', 1, 14),
(20, 'Molly', 'Gatto', 'Persiano', '2019-08-27', 0, 'M', 1, 90),
(21, 'Max', 'Uccello', 'Cocorita', '2021-11-16', 0, 'M', 1, 97),
(22, 'Toby', 'Cane', 'Chihuahua', '2024-06-01', 0, 'F', 1, 9),
(23, 'Kira', 'Coniglio', 'Meticcio', '2019-02-06', 0, 'F', 1, 72),
(24, 'Bella', 'Uccello', 'Pappagallo', '2020-09-18', 0, 'M', 1, 80),
(25, 'Buddy', 'Coniglio', 'Nano', '2016-07-24', 0, 'F', 1, 56),
(26, 'Buddy', 'Cane', 'Chihuahua', '2022-09-02', 0, 'F', 1, 16),
(27, 'Leo', 'Gatto', 'Sacro di Birmania', '2014-08-08', 0, 'F', 1, 49),
(28, 'Bella', 'Gatto', 'Sacro di Birmania', '2019-06-23', 0, 'M', 1, 43),
(29, 'Nina', 'Gatto', 'Europeo', '2020-04-11', 0, 'F', 1, 25),
(30, 'Argo', 'Tartaruga', 'Trachemys', '2021-11-05', 0, 'F', 1, 46),
(31, 'Athena', 'Coniglio', 'Meticcio', '2019-06-02', 0, 'F', 1, 70),
(32, 'Lilly', 'Gatto', 'Sacro di Birmania', '2013-09-29', 0, 'F', 1, 47),
(33, 'Charlie', 'Uccello', 'Canarino', '2015-08-01', 0, 'M', 1, 36),
(34, 'Sissi', 'Uccello', 'Cocorita', '2019-06-28', 0, 'M', 1, 69),
(35, 'Nina', 'Tartaruga', 'Trachemys', '2015-11-16', 0, 'M', 1, 42),
(36, 'Perla', 'Coniglio', 'Meticcio', '2026-02-03', 1, 'M', 1, 2),
(37, 'Nala', 'Cane', 'Pastore Tedesco', '2020-07-31', 0, 'M', 1, 17),
(38, 'Rex', 'Tartaruga', 'Trachemys', '2016-05-21', 0, 'M', 1, 86),
(39, 'Charlie', 'Tartaruga', 'Trachemys', '2022-11-24', 0, 'M', 1, 100),
(40, 'Bella', 'Gatto', 'Siamese', '2016-01-09', 0, 'F', 1, 3),
(41, 'Bella', 'Coniglio', 'Nano', '2022-08-15', 1, 'F', 1, 75),
(42, 'Mia', 'Cane', 'Labrador', '2023-09-23', 0, 'F', 1, 6),
(43, 'Rex', 'Tartaruga', 'Testudo Hermanni', '2023-01-22', 0, 'M', 1, 54),
(44, 'Charlie', 'Tartaruga', 'Testudo Hermanni', '2018-03-04', 0, 'M', 1, 32),
(45, 'Max', 'Cane', 'Labrador', '2014-03-12', 0, 'M', 1, 66),
(46, 'Charlie', 'Cane', 'Golden Retriever', '2019-10-14', 1, 'M', 1, 33),
(47, 'Milo', 'Cane', 'Chihuahua', '2024-11-19', 0, 'F', 1, 18),
(48, 'Lilly', 'Tartaruga', 'Testudo Hermanni', '2026-06-07', 0, 'F', 1, 88),
(49, 'Birba', 'Uccello', 'Pappagallo', '2011-11-27', 0, 'M', 1, 96),
(50, 'Whiskey', 'Cane', 'Barboncino', '2021-08-24', 1, 'M', 1, 60),
(51, 'Thor', 'Tartaruga', 'Trachemys', '2016-12-02', 0, 'F', 1, 45),
(52, 'Perla', 'Cane', 'Bulldog Francese', '2020-01-18', 0, 'F', 1, 73),
(53, 'Lilly', 'Uccello', 'Pappagallo', '2020-08-03', 0, 'M', 1, 8),
(54, 'Nina', 'Gatto', 'Sacro di Birmania', '2025-05-22', 1, 'F', 1, 68),
(55, 'Stella', 'Coniglio', 'Nano', '2017-09-26', 0, 'M', 1, 65),
(56, 'Sissi', 'Cane', 'Beagle', '2015-06-15', 0, 'F', 1, 76),
(57, 'Sissi', 'Tartaruga', 'Trachemys', '2023-04-21', 0, 'M', 1, 84),
(58, 'Sissi', 'Gatto', 'Europeo', '2021-09-19', 1, 'F', 1, 48),
(59, 'Zeus', 'Uccello', 'Cocorita', '2015-07-21', 0, 'M', 1, 39),
(60, 'Otto', 'Gatto', 'Siamese', '2021-07-06', 0, 'F', 1, 67),
(61, 'Birba', 'Gatto', 'Certosino', '2014-08-21', 1, 'F', 1, 51),
(62, 'Thor', 'Cane', 'Bulldog Francese', '2024-01-01', 0, 'F', 1, 92),
(63, 'Whiskey', 'Coniglio', 'Meticcio', '2024-04-19', 0, 'M', 1, 4),
(64, 'Charlie', 'Cane', 'Pastore Tedesco', '2018-09-03', 0, 'F', 1, 74),
(65, 'Zeus', 'Coniglio', 'Nano', '2025-02-13', 0, 'M', 1, 19),
(66, 'Argo', 'Tartaruga', 'Trachemys', '2019-09-07', 1, 'F', 1, 35),
(67, 'Leo', 'Gatto', 'Siamese', '2022-01-23', 0, 'M', 1, 20),
(68, 'Perla', 'Uccello', 'Cocorita', '2017-07-15', 1, 'M', 1, 29),
(69, 'Rocky', 'Tartaruga', 'Trachemys', '2025-11-27', 0, 'F', 0, 15),
(70, 'Rex', 'Cane', 'Barboncino', '2014-08-18', 0, 'F', 1, 55),
(71, 'Fido', 'Cane', 'Beagle', '2016-11-17', 1, 'F', 1, 26),
(72, 'Perla', 'Coniglio', 'Nano', '2016-12-17', 0, 'M', 1, 94),
(73, 'Lilly', 'Uccello', 'Pappagallo', '2014-04-16', 0, 'F', 1, 78),
(74, 'Toby', 'Cane', 'Bulldog Francese', '2012-08-15', 0, 'F', 1, 87),
(75, 'Max', 'Gatto', 'Europeo', '2017-04-23', 1, 'F', 1, 59),
(76, 'Zeus', 'Cane', 'Golden Retriever', '2016-09-17', 0, 'F', 1, 82),
(77, 'Athena', 'Tartaruga', 'Trachemys', '2024-11-10', 1, 'F', 1, 37),
(78, 'Rex', 'Coniglio', 'Ariete', '2025-01-31', 0, 'M', 1, 30),
(79, 'Sissi', 'Cane', 'Labrador', '2024-08-28', 1, 'F', 1, 5),
(80, 'Rex', 'Uccello', 'Pappagallo', '2013-09-22', 0, 'M', 1, 38),
(81, 'Ginger', 'Coniglio', 'Meticcio', '2019-05-19', 0, 'M', 1, 61),
(82, 'Rocky', 'Coniglio', 'Meticcio', '2014-11-29', 1, 'M', 1, 77),
(83, 'Sissi', 'Tartaruga', 'Testudo Hermanni', '2019-12-13', 0, 'F', 1, 58),
(84, 'Mia', 'Tartaruga', 'Testudo Hermanni', '2024-09-26', 1, 'F', 1, 53),
(85, 'Lilly', 'Coniglio', 'Ariete', '2016-08-05', 0, 'M', 1, 1),
(86, 'Pallina', 'Coniglio', 'Ariete', '2015-05-29', 1, 'F', 1, 91),
(87, 'Mia', 'Uccello', 'Cocorita', '2015-07-17', 0, 'F', 1, 10),
(88, 'Pallina', 'Tartaruga', 'Testudo Hermanni', '2026-01-04', 0, 'F', 1, 71),
(89, 'Zeus', 'Gatto', 'Siamese', '2024-04-20', 1, 'F', 1, 23),
(90, 'Birba', 'Cane', 'Labrador', '2017-05-04', 0, 'F', 1, 31),
(91, 'Molly', 'Gatto', 'Persiano', '2025-12-10', 0, 'M', 1, 21),
(92, 'Whiskey', 'Gatto', 'Maine Coon', '2013-11-24', 0, 'F', 1, 11),
(93, 'Mia', 'Gatto', 'Siamese', '2023-01-02', 0, 'F', 1, 85),
(94, 'Milo', 'Tartaruga', 'Trachemys', '2017-10-13', 0, 'F', 1, 34),
(95, 'Mia', 'Gatto', 'Persiano', '2025-08-14', 0, 'M', 1, 28),
(96, 'Nina', 'Coniglio', 'Meticcio', '2018-05-08', 0, 'M', 1, 81),
(97, 'Milo', 'Gatto', 'Siamese', '2025-03-17', 0, 'M', 1, 27),
(98, 'Perla', 'Coniglio', 'Nano', '2021-03-11', 0, 'M', 1, 98),
(99, 'Nala', 'Cane', 'Barboncino', '2024-08-10', 0, 'M', 1, 13),
(100, 'Luna', 'Gatto', 'Persiano', '2018-07-19', 0, 'F', 1, 95),
(101, 'Whiskey', 'Uccello', 'Pappagallo', '2023-04-24', 1, 'M', 1, 11),
(102, 'Bella', 'Tartaruga', 'Trachemys', '2026-03-08', 0, 'F', 1, 31),
(103, 'Rocky', 'Tartaruga', 'Trachemys', '2025-08-19', 0, 'M', 1, 64),
(104, 'Max', 'Gatto', 'Sacro di Birmania', '2021-03-08', 1, 'F', 1, 55),
(105, 'Birba', 'Gatto', 'Sacro di Birmania', '2024-10-12', 0, 'M', 1, 68),
(106, 'Thor', 'Tartaruga', 'Testudo Hermanni', '2021-03-02', 0, 'F', 1, 6),
(107, 'Sissi', 'Coniglio', 'Nano', '2024-09-14', 0, 'M', 1, 94),
(108, 'Luna', 'Coniglio', 'Nano', '2016-04-12', 0, 'F', 1, 70),
(109, 'Ginger', 'Uccello', 'Cocorita', '2013-11-19', 1, 'M', 0, 18),
(110, 'Mia', 'Gatto', 'Europeo', '2021-10-19', 0, 'M', 1, 6),
(111, 'Charlie', 'Tartaruga', 'Trachemys', '2022-01-08', 0, 'M', 1, 97),
(112, 'Charlie', 'Cane', 'Barboncino', '2019-11-27', 0, 'M', 1, 48),
(113, 'Molly', 'Uccello', 'Pappagallo', '2011-10-20', 0, 'F', 1, 89),
(114, 'Rocky', 'Cane', 'Beagle', '2023-10-03', 0, 'F', 1, 78),
(115, 'Simba', 'Cane', 'Pastore Tedesco', '2014-12-05', 0, 'F', 1, 40),
(116, 'Milo', 'Uccello', 'Pappagallo', '2020-08-29', 0, 'M', 1, 94),
(117, 'Mia', 'Coniglio', 'Meticcio', '2020-01-05', 0, 'M', 1, 10),
(118, 'Max', 'Gatto', 'Europeo', '2022-08-13', 1, 'F', 1, 5),
(119, 'Luna', 'Uccello', 'Cocorita', '2020-12-31', 0, 'M', 1, 87),
(120, 'Argo', 'Cane', 'Golden Retriever', '2022-03-04', 0, 'F', 1, 51),
(121, 'Ginger', 'Cane', 'Golden Retriever', '2014-02-28', 1, 'F', 1, 72),
(122, 'Kira', 'Gatto', 'Certosino', '2024-11-19', 1, 'F', 1, 26),
(123, 'Mia', 'Uccello', 'Canarino', '2024-09-30', 0, 'F', 1, 86),
(124, 'Otto', 'Coniglio', 'Nano', '2025-03-28', 0, 'M', 1, 47),
(125, 'Fido', 'Gatto', 'Maine Coon', '2018-10-01', 0, 'F', 1, 71),
(126, 'Kira', 'Cane', 'Pastore Tedesco', '2017-12-12', 0, 'F', 1, 92),
(127, 'Max', 'Tartaruga', 'Testudo Hermanni', '2018-07-27', 1, 'F', 1, 83),
(128, 'Pallina', 'Gatto', 'Certosino', '2019-10-26', 0, 'M', 1, 99),
(129, 'Argo', 'Cane', 'Pastore Tedesco', '2020-07-11', 1, 'M', 1, 39),
(130, 'Athena', 'Tartaruga', 'Trachemys', '2018-02-20', 1, 'M', 1, 33),
(131, 'Stella', 'Coniglio', 'Meticcio', '2016-09-16', 0, 'M', 1, 65),
(132, 'Buddy', 'Tartaruga', 'Trachemys', '2015-09-19', 1, 'M', 1, 4),
(133, 'Perla', 'Gatto', 'Certosino', '2018-02-12', 0, 'M', 1, 64),
(134, 'Nala', 'Coniglio', 'Ariete', '2015-06-11', 0, 'F', 1, 39),
(135, 'Milo', 'Uccello', 'Pappagallo', '2021-01-27', 0, 'M', 1, 44),
(136, 'Max', 'Coniglio', 'Ariete', '2021-03-08', 0, 'F', 1, 66),
(137, 'Nala', 'Coniglio', 'Ariete', '2019-08-29', 1, 'M', 1, 13),
(138, 'Nina', 'Gatto', 'Siamese', '2018-10-20', 0, 'F', 1, 25),
(139, 'Fido', 'Coniglio', 'Ariete', '2023-03-21', 0, 'M', 1, 51),
(140, 'Kira', 'Cane', 'Labrador', '2015-08-01', 0, 'F', 1, 77),
(141, 'Athena', 'Tartaruga', 'Testudo Hermanni', '2022-01-03', 1, 'M', 1, 56),
(142, 'Thor', 'Coniglio', 'Nano', '2020-09-29', 0, 'M', 1, 73),
(143, 'Milo', 'Uccello', 'Cocorita', '2025-05-04', 0, 'F', 1, 80),
(144, 'Mia', 'Uccello', 'Pappagallo', '2014-04-29', 0, 'F', 1, 72),
(145, 'Argo', 'Tartaruga', 'Trachemys', '2015-01-22', 1, 'M', 1, 6),
(146, 'Max', 'Tartaruga', 'Trachemys', '2021-04-17', 0, 'M', 1, 42),
(147, 'Rex', 'Tartaruga', 'Trachemys', '2017-11-02', 0, 'F', 1, 65),
(148, 'Buddy', 'Coniglio', 'Ariete', '2024-12-07', 0, 'M', 1, 48),
(149, 'Charlie', 'Cane', 'Chihuahua', '2019-04-14', 1, 'M', 1, 93),
(150, 'Max', 'Tartaruga', 'Trachemys', '2015-05-16', 0, 'M', 1, 5),
(151, 'Perla', 'Uccello', 'Pappagallo', '2019-10-27', 0, 'M', 1, 53),
(152, 'Lilly', 'Uccello', 'Cocorita', '2022-09-25', 1, 'M', 1, 91),
(153, 'Thor', 'Uccello', 'Cocorita', '2018-01-16', 0, 'F', 1, 23),
(154, 'Ginger', 'Coniglio', 'Meticcio', '2022-03-16', 0, 'M', 1, 32),
(155, 'Otto', 'Coniglio', 'Ariete', '2020-11-06', 0, 'M', 1, 89),
(156, 'Bella', 'Coniglio', 'Ariete', '2014-04-28', 0, 'F', 1, 51),
(157, 'Rocky', 'Coniglio', 'Meticcio', '2014-11-08', 0, 'F', 1, 57),
(158, 'Nina', 'Tartaruga', 'Trachemys', '2014-09-14', 1, 'F', 1, 18),
(159, 'Pallina', 'Cane', 'Bulldog Francese', '2020-11-10', 1, 'M', 1, 7),
(160, 'Stella', 'Gatto', 'Europeo', '2011-11-11', 0, 'M', 1, 53),
(161, 'Simba', 'Gatto', 'Siamese', '2014-05-27', 1, 'F', 1, 83),
(162, 'Lilly', 'Gatto', 'Certosino', '2013-04-12', 0, 'M', 1, 23),
(163, 'Mia', 'Cane', 'Beagle', '2013-02-13', 0, 'F', 1, 24),
(164, 'Rex', 'Cane', 'Meticcio', '2015-10-06', 0, 'M', 1, 43),
(165, 'Milo', 'Gatto', 'Certosino', '2021-04-17', 0, 'F', 1, 25),
(166, 'Molly', 'Coniglio', 'Meticcio', '2021-09-22', 0, 'M', 1, 95),
(167, 'Whiskey', 'Gatto', 'Persiano', '2024-12-15', 0, 'F', 1, 55),
(168, 'Ginger', 'Gatto', 'Persiano', '2020-03-11', 1, 'F', 1, 32),
(169, 'Kira', 'Coniglio', 'Ariete', '2015-03-13', 0, 'M', 1, 34),
(170, 'Kira', 'Cane', 'Chihuahua', '2011-07-17', 0, 'M', 1, 52),
(171, 'Sissi', 'Cane', 'Meticcio', '2019-04-23', 0, 'M', 1, 29),
(172, 'Perla', 'Tartaruga', 'Trachemys', '2016-03-21', 0, 'F', 1, 97),
(173, 'Argo', 'Tartaruga', 'Testudo Hermanni', '2024-09-23', 0, 'F', 1, 68),
(174, 'Rex', 'Tartaruga', 'Testudo Hermanni', '2017-11-26', 0, 'M', 1, 22),
(175, 'Rex', 'Gatto', 'Sacro di Birmania', '2019-06-12', 0, 'F', 1, 12),
(176, 'Milo', 'Tartaruga', 'Trachemys', '2014-02-04', 0, 'M', 1, 72),
(177, 'Buddy', 'Uccello', 'Pappagallo', '2025-06-15', 0, 'M', 1, 96),
(178, 'Nina', 'Cane', 'Labrador', '2020-04-08', 1, 'M', 1, 61),
(179, 'Toby', 'Uccello', 'Pappagallo', '2011-12-31', 0, 'F', 1, 58),
(180, 'Pallina', 'Tartaruga', 'Testudo Hermanni', '2017-12-21', 1, 'F', 1, 16),
(181, 'Zeus', 'Gatto', 'Europeo', '2014-10-06', 0, 'M', 1, 39),
(182, 'Nala', 'Uccello', 'Canarino', '2023-05-13', 1, 'F', 0, 45),
(183, 'Zeus', 'Uccello', 'Cocorita', '2024-09-07', 0, 'M', 0, 31),
(184, 'Nala', 'Tartaruga', 'Testudo Hermanni', '2018-03-21', 0, 'M', 1, 52),
(185, 'Argo', 'Cane', 'Golden Retriever', '2014-09-20', 0, 'F', 1, 30),
(186, 'Nala', 'Tartaruga', 'Trachemys', '2018-03-19', 0, 'F', 1, 19),
(187, 'Stella', 'Coniglio', 'Nano', '2017-10-30', 0, 'M', 0, 81),
(188, 'Birba', 'Coniglio', 'Meticcio', '2019-12-13', 0, 'F', 1, 68),
(189, 'Zeus', 'Uccello', 'Canarino', '2021-07-12', 0, 'F', 1, 31),
(190, 'Stella', 'Uccello', 'Canarino', '2023-12-23', 0, 'F', 1, 54),
(191, 'Pallina', 'Gatto', 'Siamese', '2024-10-07', 0, 'M', 1, 58),
(192, 'Charlie', 'Gatto', 'Europeo', '2026-06-01', 0, 'F', 1, 87),
(193, 'Ginger', 'Tartaruga', 'Testudo Hermanni', '2012-07-04', 0, 'M', 1, 43),
(194, 'Bella', 'Gatto', 'Sacro di Birmania', '2015-03-29', 0, 'F', 1, 32),
(195, 'Simba', 'Gatto', 'Certosino', '2016-01-09', 0, 'F', 1, 49),
(196, 'Toby', 'Coniglio', 'Meticcio', '2014-11-13', 1, 'F', 1, 60),
(197, 'Sissi', 'Coniglio', 'Nano', '2023-04-26', 1, 'F', 0, 53),
(198, 'Kira', 'Tartaruga', 'Trachemys', '2019-09-22', 0, 'M', 1, 26),
(199, 'Pallina', 'Uccello', 'Cocorita', '2018-08-16', 0, 'F', 1, 33),
(200, 'Lilly', 'Uccello', 'Canarino', '2017-11-02', 1, 'F', 1, 22),
(201, 'Argo', 'Tartaruga', 'Testudo Hermanni', '2016-06-16', 0, 'M', 1, 10),
(202, 'Buddy', 'Uccello', 'Canarino', '2026-03-19', 0, 'M', 1, 9),
(203, 'Whiskey', 'Coniglio', 'Nano', '2025-10-09', 0, 'F', 1, 85),
(204, 'Argo', 'Cane', 'Labrador', '2025-10-24', 0, 'F', 1, 69),
(205, 'Bella', 'Uccello', 'Canarino', '2022-08-26', 1, 'M', 1, 68),
(206, 'Mia', 'Coniglio', 'Ariete', '2019-11-17', 0, 'F', 1, 11),
(207, 'Birba', 'Gatto', 'Siamese', '2016-06-24', 0, 'M', 1, 84),
(208, 'Stella', 'Uccello', 'Pappagallo', '2015-04-15', 0, 'F', 1, 8),
(209, 'Mia', 'Uccello', 'Cocorita', '2024-10-11', 0, 'F', 1, 73),
(210, 'Toby', 'Gatto', 'Persiano', '2024-07-23', 1, 'F', 1, 35),
(211, 'Molly', 'Tartaruga', 'Testudo Hermanni', '2017-04-28', 0, 'F', 1, 3),
(212, 'Kira', 'Uccello', 'Canarino', '2012-12-24', 0, 'M', 1, 73),
(213, 'Thor', 'Tartaruga', 'Trachemys', '2018-01-14', 0, 'M', 1, 89),
(214, 'Buddy', 'Uccello', 'Canarino', '2016-09-09', 0, 'M', 1, 44),
(215, 'Pallina', 'Coniglio', 'Nano', '2020-09-29', 0, 'F', 1, 58),
(216, 'Birba', 'Uccello', 'Canarino', '2022-03-05', 0, 'F', 1, 11),
(217, 'Max', 'Cane', 'Meticcio', '2023-12-22', 0, 'F', 1, 92),
(218, 'Fido', 'Cane', 'Pastore Tedesco', '2022-05-18', 0, 'F', 1, 57),
(219, 'Milo', 'Gatto', 'Maine Coon', '2020-09-29', 1, 'F', 1, 14),
(220, 'Athena', 'Tartaruga', 'Trachemys', '2020-05-27', 0, 'F', 1, 2);


-- Visita
INSERT INTO Visita (CodiceVisita, Data, Motivo, Diagnosi, Costo, Terapia, CodiceAnimale, CodiceVeterinario) VALUES
(1, '2026-01-29', 'Visita specialistica', 'Cardiopatia in fase di monitoraggio', 117.53, 'Integratore articolare', 107, 14),
(2, '2023-07-26', 'Sterilizzazione', 'Parassitosi intestinale', 78.93, 'Antinfiammatorio e riposo', 131, 15),
(3, '2025-09-15', 'Vomito e inappetenza', 'Cardiopatia in fase di monitoraggio', 167.4, 'Nessuna terapia necessaria', 217, 8),
(4, '2026-07-03', 'Vomito e inappetenza', 'Tartaro dentale avanzato', 61.98, 'Antinfiammatorio e riposo', 152, 2),
(5, '2023-12-10', 'Controllo cardiologico', 'Dermatite allergica', 85.21, 'Antiparassitario mensile', 30, 3),
(6, '2024-06-28', 'Sterilizzazione', 'Frattura composta all''arto', 100.43, 'Shampoo dermatologico specifico', 153, 3),
(7, '2026-01-14', 'Emergenza notturna', 'Dermatite allergica', 50.86, 'Antiparassitario mensile', 138, 12),
(8, '2016-10-26', 'Controllo post-operatorio', 'Insufficienza renale iniziale', 33.31, NULL, 74, 3),
(9, '2024-10-07', 'Vomito e inappetenza', 'Otite esterna', 174.39, 'Collare elisabettiano per 10 giorni', 92, 1),
(10, '2023-09-10', 'Sterilizzazione', 'Cardiopatia in fase di monitoraggio', 89.42, 'Controllo tra 15 giorni', 130, 11),
(11, '2024-11-30', 'Vomito e inappetenza', 'Gastroenterite lieve', 29.78, NULL, 216, 8),
(12, '2019-04-20', 'Controllo di routine', 'Displasia dell''anca', 108.33, 'Dieta ipoallergenica', 195, 4),
(13, '2023-04-21', 'Ferita da trauma', NULL, 110.21, 'Controllo tra 15 giorni', 44, 13),
(14, '2021-07-23', 'Prurito cutaneo', 'Sovrappeso, dieta consigliata', 109.02, 'Integratore articolare', 29, 10),
(15, '2025-02-20', 'Visita specialistica', 'Otite esterna', 40.87, 'Collare elisabettiano per 10 giorni', 194, 1),
(16, '2026-06-19', 'Zoppia', 'Displasia dell''anca', 94.71, 'Antibiotico per 7 giorni', 213, 11),
(17, '2026-07-02', 'Vaccinazione', 'Insufficienza renale iniziale', 145.22, 'Antinfiammatorio e riposo', 90, 14),
(18, '2022-07-03', 'Visita di follow-up', NULL, 123.08, NULL, 61, 4),
(19, '2023-11-04', 'Rimozione tartaro', 'Otite esterna', 149.84, 'Dieta ipoallergenica', 43, 10),
(20, '2024-04-12', 'Prurito cutaneo', 'Parassitosi intestinale', 51.1, 'Antiparassitario mensile', 146, 6),
(21, '2021-04-03', 'Ferita da trauma', 'Displasia dell''anca', 177.75, 'Antiparassitario mensile', 181, 5),
(22, '2018-12-22', 'Vomito e inappetenza', 'Frattura composta all''arto', 178.84, 'Antibiotico per 7 giorni', 174, 14),
(23, '2021-09-06', 'Zoppia', 'Dermatite allergica', 153.41, 'Integratore articolare', 168, 3),
(24, '2023-08-10', 'Sterilizzazione', 'Insufficienza renale iniziale', 114.5, 'Shampoo dermatologico specifico', 195, 14),
(25, '2026-03-14', 'Sterilizzazione', 'Insufficienza renale iniziale', 123.21, 'Antinfiammatorio e riposo', 69, 11),
(26, '2025-07-30', 'Visita specialistica', NULL, 132.68, 'Nessuna terapia necessaria', 197, 2),
(27, '2026-04-21', 'Controllo post-operatorio', 'Parassitosi intestinale', 159.68, 'Antibiotico per 7 giorni', 95, 8),
(28, '2024-03-27', 'Controllo cardiologico', 'Insufficienza renale iniziale', 156.77, 'Integratore articolare', 217, 12),
(29, '2026-05-16', 'Zoppia', 'Frattura composta all''arto', 101.68, 'Dieta ipoallergenica', 204, 9),
(30, '2023-02-17', 'Controllo post-operatorio', 'Sovrappeso, dieta consigliata', 45.24, NULL, 83, 14),
(31, '2024-08-07', 'Emergenza notturna', 'Cardiopatia in fase di monitoraggio', 32.12, 'Antibiotico per 7 giorni', 219, 8),
(32, '2024-09-16', 'Controllo di routine', 'Gastroenterite lieve', 93.4, 'Shampoo dermatologico specifico', 161, 13),
(33, '2022-06-30', 'Controllo cardiologico', 'Dermatite allergica', 49.64, 'Nessuna terapia necessaria', 1, 7),
(34, '2024-03-22', 'Controllo post-operatorio', 'Displasia dell''anca', 82.64, 'Antinfiammatorio e riposo', 71, 2),
(35, '2025-02-07', 'Sterilizzazione', 'Cardiopatia in fase di monitoraggio', 137.53, 'Nessuna terapia necessaria', 167, 3),
(36, '2024-11-13', 'Diarrea persistente', 'Gastroenterite lieve', 25.17, 'Antinfiammatorio e riposo', 194, 4),
(37, '2025-02-13', 'Ferita da trauma', 'Otite esterna', 130.4, 'Antiparassitario mensile', 123, 2),
(38, '2022-02-28', 'Visita di follow-up', 'Gastroenterite lieve', 132.57, 'Collare elisabettiano per 10 giorni', 3, 1),
(39, '2025-05-23', 'Sterilizzazione', 'Gastroenterite lieve', 41.0, 'Antinfiammatorio e riposo', 123, 2),
(40, '2026-01-15', 'Vomito e inappetenza', 'Frattura composta all''arto', 124.44, 'Shampoo dermatologico specifico', 95, 15),
(41, '2018-09-03', 'Visita specialistica', 'Parassitosi intestinale', 119.6, 'Antibiotico per 7 giorni', 174, 3),
(42, '2025-01-11', 'Controllo cardiologico', 'Otite esterna', 167.58, 'Shampoo dermatologico specifico', 43, 8),
(43, '2024-08-17', 'Visita di follow-up', 'Otite esterna', 163.97, 'Antinfiammatorio e riposo', 158, 11),
(44, '2026-03-07', 'Ferita da trauma', NULL, 79.49, 'Collare elisabettiano per 10 giorni', 36, 13),
(45, '2026-03-28', 'Vomito e inappetenza', 'Otite esterna', 124.92, 'Nessuna terapia necessaria', 110, 6),
(46, '2025-05-31', 'Ferita da trauma', NULL, 69.16, NULL, 64, 9),
(47, '2026-05-19', 'Emergenza notturna', 'Displasia dell''anca', 105.25, 'Dieta ipoallergenica', 177, 1),
(48, '2025-02-05', 'Sterilizzazione', 'Displasia dell''anca', 146.49, 'Antibiotico per 7 giorni', 131, 4),
(49, '2026-07-05', 'Sterilizzazione', 'Gastroenterite lieve', 102.44, 'Dieta ipoallergenica', 204, 4),
(50, '2023-12-20', 'Emergenza notturna', 'Nessuna anomalia riscontrata', 169.76, 'Integratore articolare', 153, 2),
(51, '2025-11-12', 'Sterilizzazione', 'Tartaro dentale avanzato', 130.86, 'Antiparassitario mensile', 34, 7),
(52, '2016-07-03', 'Controllo di routine', 'Parassitosi intestinale', 27.14, 'Antinfiammatorio e riposo', 196, 8),
(53, '2025-10-19', 'Controllo di routine', 'Frattura composta all''arto', 69.41, 'Antiparassitario mensile', 56, 1),
(54, '2025-11-07', 'Sterilizzazione', NULL, 37.78, 'Collare elisabettiano per 10 giorni', 183, 9),
(55, '2025-09-17', 'Vomito e inappetenza', 'Displasia dell''anca', 73.04, 'Antinfiammatorio e riposo', 138, 9),
(56, '2018-12-28', 'Rimozione tartaro', 'Dermatite allergica', 75.65, 'Antiparassitario mensile', 131, 15),
(57, '2020-07-24', 'Prurito cutaneo', NULL, 138.14, 'Collare elisabettiano per 10 giorni', 151, 11),
(58, '2024-02-20', 'Zoppia', 'Gastroenterite lieve', 42.98, 'Collare elisabettiano per 10 giorni', 217, 4),
(59, '2016-02-02', 'Prurito cutaneo', 'Cardiopatia in fase di monitoraggio', 43.51, 'Shampoo dermatologico specifico', 157, 10),
(60, '2023-06-06', 'Vomito e inappetenza', 'Insufficienza renale iniziale', 106.07, 'Integratore articolare', 182, 3),
(61, '2024-07-17', 'Prurito cutaneo', 'Dermatite allergica', 44.67, 'Integratore articolare', 201, 14),
(62, '2020-11-07', 'Controllo cardiologico', 'Gastroenterite lieve', 76.93, 'Antibiotico per 7 giorni', 200, 14),
(63, '2024-09-26', 'Vaccinazione', 'Displasia dell''anca', 122.27, NULL, 110, 5),
(64, '2025-07-19', 'Controllo post-operatorio', 'Nessuna anomalia riscontrata', 158.2, 'Controllo tra 15 giorni', 128, 8),
(65, '2023-12-11', 'Prurito cutaneo', 'Gastroenterite lieve', 129.49, NULL, 43, 6),
(66, '2026-01-01', 'Visita specialistica', 'Nessuna anomalia riscontrata', 158.1, 'Antibiotico per 7 giorni', 30, 4),
(67, '2015-11-17', 'Pulizia dentale', 'Tartaro dentale avanzato', 167.64, 'Collare elisabettiano per 10 giorni', 4, 4),
(68, '2020-03-07', 'Visita specialistica', NULL, 59.8, 'Collare elisabettiano per 10 giorni', 46, 15),
(69, '2022-04-06', 'Prurito cutaneo', 'Gastroenterite lieve', 82.79, NULL, 64, 7),
(70, '2021-02-12', 'Vomito e inappetenza', 'Otite esterna', 177.12, 'Antiparassitario mensile', 129, 11),
(71, '2026-04-15', 'Visita di follow-up', 'Displasia dell''anca', 75.73, 'Nessuna terapia necessaria', 103, 2),
(72, '2020-11-01', 'Controllo post-operatorio', 'Otite esterna', 112.39, 'Nessuna terapia necessaria', 142, 8),
(73, '2025-10-07', 'Pulizia dentale', 'Tartaro dentale avanzato', 175.64, NULL, 78, 12),
(74, '2021-12-01', 'Controllo cardiologico', 'Sovrappeso, dieta consigliata', 48.34, 'Dieta ipoallergenica', 198, 13),
(75, '2025-06-08', 'Visita specialistica', 'Tartaro dentale avanzato', 172.4, 'Antibiotico per 7 giorni', 105, 1),
(76, '2025-01-17', 'Sterilizzazione', NULL, 41.11, 'Nessuna terapia necessaria', 1, 13),
(77, '2023-07-16', 'Pulizia dentale', 'Nessuna anomalia riscontrata', 135.31, 'Shampoo dermatologico specifico', 136, 4),
(78, '2023-04-25', 'Emergenza notturna', 'Sovrappeso, dieta consigliata', 133.63, 'Collare elisabettiano per 10 giorni', 24, 1),
(79, '2019-04-21', 'Ferita da trauma', 'Gastroenterite lieve', 45.69, 'Antiparassitario mensile', 96, 8),
(80, '2024-10-08', 'Ferita da trauma', 'Parassitosi intestinale', 92.42, 'Antibiotico per 7 giorni', 210, 7),
(81, '2022-10-05', 'Prurito cutaneo', 'Tartaro dentale avanzato', 133.61, 'Collare elisabettiano per 10 giorni', 34, 4),
(82, '2023-04-25', 'Pulizia dentale', 'Displasia dell''anca', 36.58, 'Dieta ipoallergenica', 189, 6),
(83, '2021-04-09', 'Vomito e inappetenza', 'Gastroenterite lieve', 94.68, 'Shampoo dermatologico specifico', 52, 3),
(84, '2020-09-25', 'Visita specialistica', 'Tartaro dentale avanzato', 95.05, 'Dieta ipoallergenica', 81, 7),
(85, '2025-10-12', 'Vaccinazione', 'Gastroenterite lieve', 150.18, 'Shampoo dermatologico specifico', 119, 5),
(86, '2025-03-14', 'Zoppia', 'Tartaro dentale avanzato', 39.14, 'Shampoo dermatologico specifico', 78, 14),
(87, '2023-02-13', 'Visita specialistica', 'Nessuna anomalia riscontrata', 65.33, 'Nessuna terapia necessaria', 64, 6),
(88, '2023-04-07', 'Visita di follow-up', 'Insufficienza renale iniziale', 140.95, 'Antiparassitario mensile', 45, 1),
(89, '2023-11-09', 'Vaccinazione', 'Dermatite allergica', 26.85, 'Antinfiammatorio e riposo', 64, 2),
(90, '2020-07-13', 'Vomito e inappetenza', 'Otite esterna', 82.7, 'Collare elisabettiano per 10 giorni', 213, 13),
(91, '2015-03-02', 'Ferita da trauma', 'Parassitosi intestinale', 167.2, 'Nessuna terapia necessaria', 162, 11),
(92, '2020-05-18', 'Zoppia', 'Cardiopatia in fase di monitoraggio', 150.44, 'Controllo tra 15 giorni', 20, 1),
(93, '2024-06-08', 'Vaccinazione', 'Nessuna anomalia riscontrata', 32.85, 'Controllo tra 15 giorni', 24, 15),
(94, '2025-12-18', 'Sterilizzazione', 'Insufficienza renale iniziale', 84.32, 'Antibiotico per 7 giorni', 147, 7),
(95, '2023-10-14', 'Zoppia', 'Dermatite allergica', 68.38, 'Nessuna terapia necessaria', 110, 3),
(96, '2026-05-05', 'Ferita da trauma', 'Parassitosi intestinale', 125.33, 'Dieta ipoallergenica', 39, 1),
(97, '2025-12-29', 'Pulizia dentale', 'Nessuna anomalia riscontrata', 68.37, 'Antinfiammatorio e riposo', 128, 7),
(98, '2026-03-27', 'Diarrea persistente', 'Sovrappeso, dieta consigliata', 122.77, 'Dieta ipoallergenica', 36, 7),
(99, '2020-02-05', 'Sterilizzazione', NULL, 99.35, 'Integratore articolare', 206, 9),
(100, '2020-04-26', 'Emergenza notturna', 'Parassitosi intestinale', 74.85, 'Antiparassitario mensile', 201, 8),
(101, '2015-03-20', 'Controllo post-operatorio', 'Parassitosi intestinale', 29.54, 'Dieta ipoallergenica', 70, 3),
(102, '2021-08-03', 'Controllo di routine', 'Insufficienza renale iniziale', 80.4, 'Antiparassitario mensile', 208, 13),
(103, '2026-04-18', 'Vomito e inappetenza', 'Gastroenterite lieve', 126.81, 'Dieta ipoallergenica', 150, 4),
(104, '2026-06-24', 'Rimozione tartaro', NULL, 143.43, 'Antibiotico per 7 giorni', 69, 9),
(105, '2025-06-25', 'Controllo post-operatorio', 'Dermatite allergica', 61.67, 'Shampoo dermatologico specifico', 57, 10),
(106, '2022-12-17', 'Emergenza notturna', 'Parassitosi intestinale', 134.04, 'Antibiotico per 7 giorni', 82, 13),
(107, '2026-05-04', 'Vomito e inappetenza', 'Parassitosi intestinale', 154.69, 'Dieta ipoallergenica', 91, 10),
(108, '2026-04-30', 'Visita specialistica', 'Displasia dell''anca', 101.02, 'Shampoo dermatologico specifico', 208, 15),
(109, '2023-04-29', 'Ferita da trauma', 'Otite esterna', 106.6, 'Antibiotico per 7 giorni', 24, 1),
(110, '2026-07-04', 'Ferita da trauma', 'Otite esterna', 77.82, 'Shampoo dermatologico specifico', 1, 6),
(111, '2023-06-01', 'Controllo di routine', 'Nessuna anomalia riscontrata', 115.92, 'Shampoo dermatologico specifico', 46, 15),
(112, '2021-10-29', 'Visita di follow-up', 'Sovrappeso, dieta consigliata', 173.89, 'Integratore articolare', 37, 13),
(113, '2025-10-11', 'Sterilizzazione', 'Parassitosi intestinale', 77.17, 'Antinfiammatorio e riposo', 96, 12),
(114, '2021-09-19', 'Controllo cardiologico', 'Frattura composta all''arto', 125.62, 'Controllo tra 15 giorni', 83, 3),
(115, '2022-03-14', 'Zoppia', 'Cardiopatia in fase di monitoraggio', 151.24, NULL, 45, 12),
(116, '2026-03-28', 'Controllo cardiologico', 'Displasia dell''anca', 52.54, 'Shampoo dermatologico specifico', 97, 5),
(117, '2024-07-28', 'Sterilizzazione', 'Parassitosi intestinale', 53.22, 'Antibiotico per 7 giorni', 1, 12),
(118, '2019-11-13', 'Diarrea persistente', 'Parassitosi intestinale', 170.19, 'Antinfiammatorio e riposo', 82, 15),
(119, '2021-06-15', 'Zoppia', 'Tartaro dentale avanzato', 51.02, 'Integratore articolare', 37, 6),
(120, '2026-04-08', 'Controllo cardiologico', 'Tartaro dentale avanzato', 26.77, 'Controllo tra 15 giorni', 23, 14),
(121, '2026-05-12', 'Vaccinazione', 'Tartaro dentale avanzato', 146.99, 'Nessuna terapia necessaria', 54, 4),
(122, '2015-10-20', 'Sterilizzazione', 'Insufficienza renale iniziale', 175.21, 'Collare elisabettiano per 10 giorni', 185, 1),
(123, '2026-02-10', 'Sterilizzazione', 'Tartaro dentale avanzato', 83.18, 'Antiparassitario mensile', 106, 8),
(124, '2024-07-09', 'Diarrea persistente', 'Cardiopatia in fase di monitoraggio', 50.21, 'Dieta ipoallergenica', 213, 8),
(125, '2022-12-19', 'Prurito cutaneo', 'Nessuna anomalia riscontrata', 65.47, 'Integratore articolare', 19, 13),
(126, '2022-04-09', 'Vomito e inappetenza', 'Frattura composta all''arto', 138.46, 'Shampoo dermatologico specifico', 27, 2),
(127, '2022-07-13', 'Controllo post-operatorio', 'Parassitosi intestinale', 163.45, NULL, 141, 15),
(128, '2024-06-09', 'Diarrea persistente', 'Dermatite allergica', 162.91, NULL, 181, 1),
(129, '2023-03-11', 'Controllo post-operatorio', 'Otite esterna', 88.44, 'Dieta ipoallergenica', 41, 1),
(130, '2023-09-21', 'Diarrea persistente', 'Displasia dell''anca', 61.82, 'Nessuna terapia necessaria', 142, 12),
(131, '2023-06-22', 'Visita specialistica', 'Insufficienza renale iniziale', 33.45, 'Shampoo dermatologico specifico', 13, 7),
(132, '2021-11-07', 'Prurito cutaneo', 'Cardiopatia in fase di monitoraggio', 99.45, NULL, 1, 7),
(133, '2018-11-19', 'Vomito e inappetenza', 'Cardiopatia in fase di monitoraggio', 176.44, 'Nessuna terapia necessaria', 25, 1),
(134, '2025-03-18', 'Prurito cutaneo', 'Frattura composta all''arto', 100.81, 'Controllo tra 15 giorni', 122, 14),
(135, '2013-08-02', 'Diarrea persistente', 'Sovrappeso, dieta consigliata', 53.66, 'Collare elisabettiano per 10 giorni', 170, 5),
(136, '2022-03-29', 'Pulizia dentale', 'Nessuna anomalia riscontrata', 93.16, 'Nessuna terapia necessaria', 98, 6),
(137, '2020-07-20', 'Ferita da trauma', 'Nessuna anomalia riscontrata', 141.6, 'Shampoo dermatologico specifico', 68, 4),
(138, '2020-04-09', 'Diarrea persistente', 'Tartaro dentale avanzato', 89.17, 'Antiparassitario mensile', 171, 2),
(139, '2020-05-05', 'Visita specialistica', 'Nessuna anomalia riscontrata', 151.85, 'Collare elisabettiano per 10 giorni', 194, 10),
(140, '2023-12-27', 'Visita di follow-up', 'Insufficienza renale iniziale', 161.66, NULL, 108, 9),
(141, '2025-02-08', 'Sterilizzazione', NULL, 102.83, 'Antibiotico per 7 giorni', 122, 5),
(142, '2024-07-11', 'Diarrea persistente', 'Parassitosi intestinale', 43.64, 'Shampoo dermatologico specifico', 133, 13),
(143, '2019-02-13', 'Vomito e inappetenza', 'Otite esterna', 44.56, 'Dieta ipoallergenica', 194, 8),
(144, '2023-08-26', 'Zoppia', 'Cardiopatia in fase di monitoraggio', 154.29, 'Shampoo dermatologico specifico', 109, 2),
(145, '2026-02-21', 'Emergenza notturna', 'Gastroenterite lieve', 85.16, 'Antinfiammatorio e riposo', 67, 6),
(146, '2026-04-19', 'Visita di follow-up', 'Displasia dell''anca', 96.01, 'Antiparassitario mensile', 102, 9),
(147, '2024-04-04', 'Vaccinazione', 'Frattura composta all''arto', 47.97, 'Shampoo dermatologico specifico', 4, 13),
(148, '2020-12-11', 'Emergenza notturna', 'Gastroenterite lieve', 145.83, NULL, 151, 10),
(149, '2026-05-27', 'Emergenza notturna', 'Tartaro dentale avanzato', 65.94, 'Collare elisabettiano per 10 giorni', 202, 5),
(150, '2025-07-01', 'Controllo di routine', 'Dermatite allergica', 87.46, 'Nessuna terapia necessaria', 168, 8),
(151, '2025-05-14', 'Controllo di routine', 'Frattura composta all''arto', 132.03, 'Integratore articolare', 159, 10),
(152, '2022-05-23', 'Emergenza notturna', 'Displasia dell''anca', 28.14, 'Integratore articolare', 13, 12),
(153, '2025-05-30', 'Prurito cutaneo', 'Displasia dell''anca', 158.03, 'Controllo tra 15 giorni', 210, 13),
(154, '2019-03-18', 'Vomito e inappetenza', 'Displasia dell''anca', 144.97, 'Controllo tra 15 giorni', 176, 2),
(155, '2024-08-16', 'Ferita da trauma', 'Cardiopatia in fase di monitoraggio', 54.13, 'Antinfiammatorio e riposo', 83, 5),
(156, '2022-04-21', 'Controllo cardiologico', 'Insufficienza renale iniziale', 159.41, 'Antiparassitario mensile', 55, 15),
(157, '2023-02-07', 'Rimozione tartaro', 'Dermatite allergica', 73.22, 'Antinfiammatorio e riposo', 211, 1),
(158, '2019-08-30', 'Rimozione tartaro', 'Sovrappeso, dieta consigliata', 29.49, NULL, 130, 7),
(159, '2026-04-26', 'Zoppia', 'Nessuna anomalia riscontrata', 30.13, 'Dieta ipoallergenica', 50, 15),
(160, '2021-02-07', 'Controllo cardiologico', 'Otite esterna', 82.09, 'Nessuna terapia necessaria', 13, 15),
(161, '2023-03-24', 'Diarrea persistente', 'Gastroenterite lieve', 62.5, 'Antibiotico per 7 giorni', 119, 9),
(162, '2022-12-14', 'Vomito e inappetenza', 'Insufficienza renale iniziale', 110.46, NULL, 126, 10),
(163, '2025-01-10', 'Controllo cardiologico', NULL, 69.19, 'Antinfiammatorio e riposo', 89, 3),
(164, '2025-01-24', 'Visita di follow-up', 'Parassitosi intestinale', 157.85, 'Dieta ipoallergenica', 99, 1),
(165, '2025-07-11', 'Zoppia', 'Displasia dell''anca', 104.56, 'Collare elisabettiano per 10 giorni', 166, 4),
(166, '2025-06-28', 'Controllo di routine', 'Insufficienza renale iniziale', 125.34, 'Shampoo dermatologico specifico', 200, 13),
(167, '2022-04-03', 'Zoppia', 'Displasia dell''anca', 149.79, NULL, 154, 13),
(168, '2026-06-18', 'Prurito cutaneo', 'Frattura composta all''arto', 157.0, 'Collare elisabettiano per 10 giorni', 79, 12),
(169, '2023-11-03', 'Pulizia dentale', 'Displasia dell''anca', 152.77, 'Antiparassitario mensile', 118, 5),
(170, '2026-03-22', 'Controllo di routine', 'Sovrappeso, dieta consigliata', 112.03, 'Integratore articolare', 102, 10),
(171, '2021-03-19', 'Prurito cutaneo', 'Cardiopatia in fase di monitoraggio', 99.67, 'Antinfiammatorio e riposo', 153, 10),
(172, '2022-09-22', 'Controllo post-operatorio', 'Displasia dell''anca', 126.7, 'Nessuna terapia necessaria', 87, 5),
(173, '2025-06-26', 'Vomito e inappetenza', 'Sovrappeso, dieta consigliata', 164.45, 'Dieta ipoallergenica', 167, 5),
(174, '2025-06-24', 'Rimozione tartaro', 'Parassitosi intestinale', 127.38, 'Collare elisabettiano per 10 giorni', 207, 14),
(175, '2019-09-25', 'Diarrea persistente', 'Insufficienza renale iniziale', 65.21, 'Nessuna terapia necessaria', 175, 3),
(176, '2020-08-20', 'Controllo cardiologico', 'Nessuna anomalia riscontrata', 134.75, NULL, 108, 7),
(177, '2019-12-20', 'Controllo post-operatorio', NULL, 131.38, 'Dieta ipoallergenica', 147, 14),
(178, '2021-02-05', 'Emergenza notturna', 'Cardiopatia in fase di monitoraggio', 103.63, 'Integratore articolare', 164, 13),
(179, '2026-05-01', 'Diarrea persistente', 'Sovrappeso, dieta consigliata', 70.54, 'Shampoo dermatologico specifico', 217, 3),
(180, '2019-12-18', 'Controllo cardiologico', 'Sovrappeso, dieta consigliata', 171.77, 'Shampoo dermatologico specifico', 121, 3),
(181, '2016-05-29', 'Zoppia', 'Tartaro dentale avanzato', 140.35, 'Dieta ipoallergenica', 86, 11),
(182, '2025-08-03', 'Controllo post-operatorio', 'Displasia dell''anca', 70.58, NULL, 79, 7),
(183, '2025-01-06', 'Controllo di routine', 'Cardiopatia in fase di monitoraggio', 114.95, NULL, 218, 2),
(184, '2026-02-27', 'Emergenza notturna', 'Otite esterna', 43.57, 'Antiparassitario mensile', 159, 2),
(185, '2025-05-22', 'Prurito cutaneo', 'Frattura composta all''arto', 159.98, 'Antibiotico per 7 giorni', 175, 7),
(186, '2024-01-09', 'Controllo post-operatorio', 'Frattura composta all''arto', 163.39, NULL, 39, 3),
(187, '2024-05-22', 'Visita di follow-up', NULL, 145.74, 'Shampoo dermatologico specifico', 118, 3),
(188, '2025-10-29', 'Vomito e inappetenza', 'Tartaro dentale avanzato', 25.73, 'Antibiotico per 7 giorni', 125, 6),
(189, '2025-06-01', 'Rimozione tartaro', 'Dermatite allergica', 143.49, NULL, 71, 4),
(190, '2026-07-06', 'Rimozione tartaro', 'Gastroenterite lieve', 120.24, 'Shampoo dermatologico specifico', 126, 13),
(191, '2022-03-03', 'Sterilizzazione', 'Insufficienza renale iniziale', 25.72, 'Collare elisabettiano per 10 giorni', 163, 7),
(192, '2023-11-05', 'Controllo di routine', 'Tartaro dentale avanzato', 54.54, 'Antiparassitario mensile', 137, 4),
(193, '2024-12-06', 'Controllo cardiologico', 'Otite esterna', 132.5, 'Dieta ipoallergenica', 174, 1),
(194, '2024-08-31', 'Vaccinazione', 'Frattura composta all''arto', 116.24, 'Antiparassitario mensile', 89, 5),
(195, '2023-04-26', 'Prurito cutaneo', 'Displasia dell''anca', 137.81, 'Controllo tra 15 giorni', 43, 2),
(196, '2021-10-31', 'Sterilizzazione', 'Cardiopatia in fase di monitoraggio', 78.12, 'Shampoo dermatologico specifico', 153, 9),
(197, '2026-05-12', 'Zoppia', 'Dermatite allergica', 27.96, 'Collare elisabettiano per 10 giorni', 126, 6),
(198, '2022-06-15', 'Zoppia', NULL, 116.4, 'Antibiotico per 7 giorni', 58, 12),
(199, '2022-04-14', 'Controllo cardiologico', 'Cardiopatia in fase di monitoraggio', 83.15, 'Antibiotico per 7 giorni', 44, 2),
(200, '2024-05-31', 'Visita specialistica', 'Parassitosi intestinale', 117.06, 'Antibiotico per 7 giorni', 164, 5);

INSERT INTO Visita (CodiceVisita, Data, Motivo, Diagnosi, Costo, Terapia, CodiceAnimale, CodiceVeterinario) VALUES
(201, '2018-04-10', 'Diarrea persistente', 'Nessuna anomalia riscontrata', 131.91, 'Antibiotico per 7 giorni', 13, 11),
(202, '2025-10-09', 'Vaccinazione', 'Sovrappeso, dieta consigliata', 98.53, 'Nessuna terapia necessaria', 107, 8),
(203, '2023-10-27', 'Diarrea persistente', 'Cardiopatia in fase di monitoraggio', 71.67, 'Antibiotico per 7 giorni', 40, 4),
(204, '2026-05-27', 'Visita specialistica', 'Displasia dell''anca', 118.87, NULL, 170, 2),
(205, '2026-03-02', 'Visita specialistica', NULL, 43.25, NULL, 36, 7),
(206, '2022-06-11', 'Pulizia dentale', 'Otite esterna', 55.96, NULL, 30, 13),
(207, '2023-05-28', 'Zoppia', 'Tartaro dentale avanzato', 70.78, 'Collare elisabettiano per 10 giorni', 68, 14),
(208, '2026-04-29', 'Emergenza notturna', 'Otite esterna', 76.24, 'Controllo tra 15 giorni', 11, 9),
(209, '2025-02-15', 'Vaccinazione', 'Gastroenterite lieve', 128.7, NULL, 1, 1),
(210, '2025-10-07', 'Vaccinazione', NULL, 165.24, 'Antinfiammatorio e riposo', 39, 2),
(211, '2023-11-09', 'Prurito cutaneo', 'Displasia dell''anca', 32.76, 'Controllo tra 15 giorni', 165, 4),
(212, '2024-11-21', 'Visita di follow-up', 'Displasia dell''anca', 149.25, 'Integratore articolare', 209, 3),
(213, '2020-09-05', 'Vaccinazione', 'Nessuna anomalia riscontrata', 157.06, 'Antibiotico per 7 giorni', 81, 7),
(214, '2015-05-14', 'Controllo post-operatorio', 'Tartaro dentale avanzato', 173.04, 'Controllo tra 15 giorni', 170, 11),
(215, '2026-06-03', 'Vaccinazione', 'Tartaro dentale avanzato', 53.34, 'Integratore articolare', 69, 15),
(216, '2026-04-10', 'Prurito cutaneo', 'Frattura composta all''arto', 148.98, 'Controllo tra 15 giorni', 103, 7),
(217, '2025-06-04', 'Vaccinazione', 'Dermatite allergica', 177.14, 'Antibiotico per 7 giorni', 167, 15),
(218, '2024-04-07', 'Sterilizzazione', 'Parassitosi intestinale', 149.35, 'Controllo tra 15 giorni', 217, 3),
(219, '2019-12-09', 'Ferita da trauma', 'Frattura composta all''arto', 119.76, 'Integratore articolare', 174, 8),
(220, '2017-01-10', 'Pulizia dentale', 'Insufficienza renale iniziale', 162.58, 'Antinfiammatorio e riposo', 176, 15),
(221, '2013-03-22', 'Prurito cutaneo', 'Cardiopatia in fase di monitoraggio', 26.92, 'Integratore articolare', 113, 1),
(222, '2026-07-06', 'Controllo cardiologico', 'Parassitosi intestinale', 59.72, NULL, 174, 9),
(223, '2020-01-06', 'Visita specialistica', 'Sovrappeso, dieta consigliata', 39.76, NULL, 172, 14),
(224, '2017-02-12', 'Pulizia dentale', 'Tartaro dentale avanzato', 48.04, 'Collare elisabettiano per 10 giorni', 170, 12),
(225, '2014-03-17', 'Controllo di routine', 'Cardiopatia in fase di monitoraggio', 103.36, 'Shampoo dermatologico specifico', 212, 9),
(226, '2025-04-13', 'Visita di follow-up', 'Dermatite allergica', 141.47, 'Antinfiammatorio e riposo', 121, 14),
(227, '2023-08-30', 'Prurito cutaneo', 'Nessuna anomalia riscontrata', 59.52, 'Antiparassitario mensile', 83, 4),
(228, '2023-07-22', 'Visita di follow-up', 'Otite esterna', 96.16, 'Antinfiammatorio e riposo', 165, 7),
(229, '2024-11-26', 'Vaccinazione', 'Insufficienza renale iniziale', 73.99, 'Controllo tra 15 giorni', 206, 10),
(230, '2020-01-07', 'Vaccinazione', 'Frattura composta all''arto', 30.55, 'Collare elisabettiano per 10 giorni', 128, 12),
(231, '2022-07-09', 'Rimozione tartaro', 'Parassitosi intestinale', 123.82, NULL, 141, 1),
(232, '2019-01-12', 'Diarrea persistente', 'Cardiopatia in fase di monitoraggio', 172.31, 'Controllo tra 15 giorni', 131, 9),
(233, '2018-05-24', 'Visita di follow-up', 'Otite esterna', 76.46, 'Controllo tra 15 giorni', 94, 14),
(234, '2025-12-20', 'Controllo cardiologico', 'Cardiopatia in fase di monitoraggio', 135.97, 'Integratore articolare', 197, 10),
(235, '2026-02-08', 'Diarrea persistente', 'Otite esterna', 77.91, 'Antibiotico per 7 giorni', 30, 2),
(236, '2021-04-24', 'Visita specialistica', 'Sovrappeso, dieta consigliata', 133.82, 'Integratore articolare', 213, 11),
(237, '2018-09-03', 'Pulizia dentale', 'Dermatite allergica', 41.58, 'Collare elisabettiano per 10 giorni', 12, 15),
(238, '2019-01-23', 'Vaccinazione', 'Frattura composta all''arto', 95.84, 'Dieta ipoallergenica', 157, 4),
(239, '2024-06-30', 'Controllo post-operatorio', 'Gastroenterite lieve', 32.21, 'Collare elisabettiano per 10 giorni', 201, 4),
(240, '2026-04-30', 'Vaccinazione', 'Insufficienza renale iniziale', 127.06, 'Controllo tra 15 giorni', 163, 14),
(241, '2023-09-26', 'Controllo di routine', 'Sovrappeso, dieta consigliata', 110.75, 'Antibiotico per 7 giorni', 130, 3),
(242, '2025-04-21', 'Pulizia dentale', 'Sovrappeso, dieta consigliata', 132.23, 'Shampoo dermatologico specifico', 111, 14),
(243, '2017-01-27', 'Vaccinazione', 'Frattura composta all''arto', 118.95, NULL, 45, 12),
(244, '2024-04-06', 'Sterilizzazione', 'Parassitosi intestinale', 67.41, 'Dieta ipoallergenica', 83, 9),
(245, '2026-04-30', 'Rimozione tartaro', 'Dermatite allergica', 88.98, 'Shampoo dermatologico specifico', 88, 5),
(246, '2026-05-14', 'Visita specialistica', 'Displasia dell''anca', 158.41, 'Antiparassitario mensile', 180, 15),
(247, '2026-03-28', 'Diarrea persistente', 'Otite esterna', 57.51, 'Dieta ipoallergenica', 183, 12),
(248, '2025-08-27', 'Emergenza notturna', 'Cardiopatia in fase di monitoraggio', 177.11, 'Shampoo dermatologico specifico', 183, 5),
(249, '2026-05-15', 'Visita specialistica', NULL, 135.1, 'Integratore articolare', 167, 3),
(250, '2022-05-01', 'Pulizia dentale', 'Parassitosi intestinale', 171.11, NULL, 195, 6),
(251, '2026-05-11', 'Prurito cutaneo', 'Frattura composta all''arto', 106.02, 'Antibiotico per 7 giorni', 182, 7),
(252, '2020-06-29', 'Controllo di routine', 'Cardiopatia in fase di monitoraggio', 55.98, 'Antibiotico per 7 giorni', 7, 7),
(253, '2016-02-13', 'Prurito cutaneo', 'Cardiopatia in fase di monitoraggio', 47.7, 'Nessuna terapia necessaria', 193, 13),
(254, '2024-08-21', 'Prurito cutaneo', 'Otite esterna', 30.01, 'Antiparassitario mensile', 16, 12),
(255, '2025-01-24', 'Ferita da trauma', 'Cardiopatia in fase di monitoraggio', 159.05, 'Antiparassitario mensile', 209, 8),
(256, '2026-05-05', 'Sterilizzazione', 'Otite esterna', 146.57, 'Antiparassitario mensile', 191, 11),
(257, '2024-04-07', 'Controllo cardiologico', 'Cardiopatia in fase di monitoraggio', 168.61, 'Antibiotico per 7 giorni', 205, 12),
(258, '2026-03-26', 'Controllo post-operatorio', 'Sovrappeso, dieta consigliata', 27.01, 'Antibiotico per 7 giorni', 100, 7),
(259, '2025-12-28', 'Visita di follow-up', 'Insufficienza renale iniziale', 166.28, 'Dieta ipoallergenica', 65, 4),
(260, '2023-01-05', 'Rimozione tartaro', 'Parassitosi intestinale', 139.46, 'Antiparassitario mensile', 181, 12),
(261, '2025-01-19', 'Zoppia', 'Displasia dell''anca', 52.5, 'Controllo tra 15 giorni', 51, 13),
(262, '2021-07-17', 'Vomito e inappetenza', NULL, 43.5, 'Antiparassitario mensile', 175, 2),
(263, '2021-06-14', 'Visita specialistica', 'Displasia dell''anca', 49.94, 'Shampoo dermatologico specifico', 11, 7),
(264, '2023-12-28', 'Controllo post-operatorio', 'Insufficienza renale iniziale', 31.19, 'Shampoo dermatologico specifico', 217, 5),
(265, '2020-07-09', 'Rimozione tartaro', 'Cardiopatia in fase di monitoraggio', 155.69, NULL, 83, 10),
(266, '2026-02-02', 'Vaccinazione', NULL, 106.44, 'Integratore articolare', 78, 8),
(267, '2026-06-10', 'Rimozione tartaro', 'Sovrappeso, dieta consigliata', 89.47, 'Shampoo dermatologico specifico', 48, 9),
(268, '2019-11-01', 'Controllo post-operatorio', 'Otite esterna', 127.82, 'Dieta ipoallergenica', 138, 7),
(269, '2019-11-21', 'Zoppia', 'Parassitosi intestinale', 98.6, 'Antiparassitario mensile', 85, 6),
(270, '2014-07-11', 'Vaccinazione', 'Cardiopatia in fase di monitoraggio', 94.08, 'Integratore articolare', 144, 14),
(271, '2026-06-12', 'Ferita da trauma', 'Otite esterna', 130.8, 'Antibiotico per 7 giorni', 165, 10),
(272, '2021-03-22', 'Sterilizzazione', 'Displasia dell''anca', 137.22, 'Antiparassitario mensile', 83, 7),
(273, '2024-08-29', 'Visita di follow-up', 'Tartaro dentale avanzato', 149.44, 'Antiparassitario mensile', 7, 15),
(274, '2015-11-30', 'Prurito cutaneo', 'Cardiopatia in fase di monitoraggio', 74.65, 'Dieta ipoallergenica', 115, 8),
(275, '2024-11-20', 'Rimozione tartaro', 'Sovrappeso, dieta consigliata', 26.14, 'Antiparassitario mensile', 22, 2),
(276, '2022-12-01', 'Diarrea persistente', 'Otite esterna', 154.53, 'Collare elisabettiano per 10 giorni', 17, 4),
(277, '2025-06-21', 'Diarrea persistente', 'Gastroenterite lieve', 28.68, 'Shampoo dermatologico specifico', 53, 9),
(278, '2018-08-24', 'Vaccinazione', 'Gastroenterite lieve', 52.59, 'Antibiotico per 7 giorni', 184, 6),
(279, '2025-03-22', 'Ferita da trauma', 'Otite esterna', 88.18, 'Nessuna terapia necessaria', 65, 9),
(280, '2025-03-13', 'Sterilizzazione', 'Tartaro dentale avanzato', 85.37, 'Antibiotico per 7 giorni', 116, 11),
(281, '2019-06-27', 'Diarrea persistente', NULL, 34.8, NULL, 31, 9),
(282, '2024-11-23', 'Controllo cardiologico', 'Gastroenterite lieve', 168.85, 'Integratore articolare', 191, 10),
(283, '2022-11-09', 'Ferita da trauma', 'Gastroenterite lieve', 143.62, 'Nessuna terapia necessaria', 28, 5),
(284, '2020-08-30', 'Visita di follow-up', 'Cardiopatia in fase di monitoraggio', 98.47, 'Antibiotico per 7 giorni', 113, 7),
(285, '2021-03-10', 'Controllo cardiologico', 'Frattura composta all''arto', 70.72, 'Antiparassitario mensile', 137, 4),
(286, '2019-10-22', 'Diarrea persistente', NULL, 173.4, 'Integratore articolare', 163, 3),
(287, '2017-08-17', 'Vaccinazione', 'Nessuna anomalia riscontrata', 113.77, 'Antibiotico per 7 giorni', 3, 9),
(288, '2026-05-20', 'Vaccinazione', 'Displasia dell''anca', 140.99, 'Dieta ipoallergenica', 101, 9),
(289, '2020-08-03', 'Sterilizzazione', 'Cardiopatia in fase di monitoraggio', 47.08, 'Antiparassitario mensile', 186, 6),
(290, '2026-06-27', 'Visita di follow-up', 'Displasia dell''anca', 42.77, 'Dieta ipoallergenica', 48, 4),
(291, '2022-08-01', 'Visita di follow-up', 'Nessuna anomalia riscontrata', 96.5, 'Antiparassitario mensile', 172, 13),
(292, '2023-08-22', 'Diarrea persistente', 'Gastroenterite lieve', 40.22, 'Nessuna terapia necessaria', 141, 2),
(293, '2023-09-05', 'Controllo post-operatorio', 'Tartaro dentale avanzato', 129.05, 'Shampoo dermatologico specifico', 186, 10),
(294, '2021-01-12', 'Ferita da trauma', 'Gastroenterite lieve', 74.26, 'Dieta ipoallergenica', 61, 2),
(295, '2024-02-03', 'Controllo cardiologico', 'Parassitosi intestinale', 112.66, 'Shampoo dermatologico specifico', 116, 6),
(296, '2021-05-01', 'Sterilizzazione', 'Dermatite allergica', 73.55, 'Antibiotico per 7 giorni', 94, 13),
(297, '2026-06-19', 'Controllo cardiologico', 'Cardiopatia in fase di monitoraggio', 67.89, 'Collare elisabettiano per 10 giorni', 202, 4),
(298, '2024-11-12', 'Emergenza notturna', 'Insufficienza renale iniziale', 94.03, 'Controllo tra 15 giorni', 93, 3),
(299, '2024-02-01', 'Visita specialistica', 'Gastroenterite lieve', 125.06, 'Shampoo dermatologico specifico', 199, 5),
(300, '2023-06-14', 'Visita di follow-up', 'Dermatite allergica', 55.45, 'Antiparassitario mensile', 21, 14),
(301, '2020-10-22', 'Controllo cardiologico', 'Gastroenterite lieve', 156.69, 'Antibiotico per 7 giorni', 188, 15),
(302, '2026-05-01', 'Ferita da trauma', 'Frattura composta all''arto', 57.98, NULL, 162, 1),
(303, '2021-12-18', 'Visita specialistica', 'Sovrappeso, dieta consigliata', 126.36, 'Controllo tra 15 giorni', 10, 9),
(304, '2025-02-05', 'Zoppia', 'Parassitosi intestinale', 45.75, 'Nessuna terapia necessaria', 39, 6),
(305, '2021-07-17', 'Sterilizzazione', 'Tartaro dentale avanzato', 26.64, 'Antiparassitario mensile', 129, 9),
(306, '2026-04-06', 'Ferita da trauma', 'Cardiopatia in fase di monitoraggio', 142.37, 'Shampoo dermatologico specifico', 62, 14),
(307, '2026-03-16', 'Vomito e inappetenza', 'Parassitosi intestinale', 127.21, NULL, 36, 8),
(308, '2024-08-06', 'Pulizia dentale', 'Tartaro dentale avanzato', 58.92, 'Antibiotico per 7 giorni', 38, 12),
(309, '2019-06-16', 'Prurito cutaneo', 'Tartaro dentale avanzato', 31.64, 'Dieta ipoallergenica', 125, 4),
(310, '2024-08-22', 'Sterilizzazione', 'Insufficienza renale iniziale', 161.64, 'Controllo tra 15 giorni', 53, 9),
(311, '2022-06-17', 'Vaccinazione', NULL, 123.2, 'Antiparassitario mensile', 11, 11),
(312, '2025-03-14', 'Prurito cutaneo', 'Parassitosi intestinale', 113.37, 'Antiparassitario mensile', 71, 14),
(313, '2025-09-27', 'Controllo post-operatorio', 'Parassitosi intestinale', 105.08, 'Antinfiammatorio e riposo', 97, 11),
(314, '2025-07-10', 'Visita specialistica', 'Frattura composta all''arto', 151.67, 'Integratore articolare', 97, 15),
(315, '2025-08-27', 'Emergenza notturna', 'Parassitosi intestinale', 102.78, 'Antibiotico per 7 giorni', 89, 8),
(316, '2026-03-18', 'Zoppia', 'Gastroenterite lieve', 124.74, 'Antiparassitario mensile', 36, 8),
(317, '2019-11-01', 'Vomito e inappetenza', 'Tartaro dentale avanzato', 136.18, NULL, 55, 3),
(318, '2022-01-01', 'Sterilizzazione', 'Tartaro dentale avanzato', 99.64, 'Antinfiammatorio e riposo', 31, 11),
(319, '2025-05-04', 'Ferita da trauma', 'Dermatite allergica', 28.48, 'Collare elisabettiano per 10 giorni', 123, 8),
(320, '2018-08-09', 'Vomito e inappetenza', 'Cardiopatia in fase di monitoraggio', 31.07, 'Antiparassitario mensile', 12, 3),
(321, '2018-06-20', 'Vomito e inappetenza', 'Displasia dell''anca', 105.08, 'Shampoo dermatologico specifico', 147, 3),
(322, '2024-05-06', 'Diarrea persistente', 'Nessuna anomalia riscontrata', 171.82, 'Nessuna terapia necessaria', 104, 10),
(323, '2022-04-04', 'Pulizia dentale', 'Insufficienza renale iniziale', 59.0, 'Shampoo dermatologico specifico', 56, 8),
(324, '2021-12-20', 'Rimozione tartaro', 'Parassitosi intestinale', 121.6, 'Shampoo dermatologico specifico', 106, 10),
(325, '2018-08-04', 'Controllo cardiologico', 'Cardiopatia in fase di monitoraggio', 167.96, 'Integratore articolare', 131, 5),
(326, '2018-10-25', 'Zoppia', 'Frattura composta all''arto', 45.49, 'Collare elisabettiano per 10 giorni', 153, 10),
(327, '2026-06-24', 'Visita di follow-up', 'Sovrappeso, dieta consigliata', 153.11, 'Collare elisabettiano per 10 giorni', 5, 4),
(328, '2018-04-21', 'Pulizia dentale', 'Parassitosi intestinale', 31.05, NULL, 156, 2),
(329, '2022-02-07', 'Rimozione tartaro', 'Gastroenterite lieve', 99.75, 'Antinfiammatorio e riposo', 201, 9),
(330, '2026-04-04', 'Visita specialistica', 'Nessuna anomalia riscontrata', 105.92, 'Collare elisabettiano per 10 giorni', 34, 15),
(331, '2025-09-06', 'Controllo cardiologico', 'Sovrappeso, dieta consigliata', 60.57, 'Collare elisabettiano per 10 giorni', 95, 14),
(332, '2024-02-26', 'Controllo post-operatorio', 'Parassitosi intestinale', 40.15, NULL, 206, 8),
(333, '2021-03-24', 'Rimozione tartaro', 'Otite esterna', 68.91, 'Antinfiammatorio e riposo', 35, 5),
(334, '2018-06-22', 'Zoppia', 'Nessuna anomalia riscontrata', 114.59, 'Antibiotico per 7 giorni', 140, 7),
(335, '2019-07-02', 'Sterilizzazione', 'Cardiopatia in fase di monitoraggio', 131.6, 'Dieta ipoallergenica', 31, 9),
(336, '2023-06-11', 'Vaccinazione', 'Dermatite allergica', 125.99, 'Collare elisabettiano per 10 giorni', 81, 7),
(337, '2026-04-27', 'Visita specialistica', 'Frattura composta all''arto', 81.67, NULL, 65, 5),
(338, '2021-05-03', 'Rimozione tartaro', 'Otite esterna', 110.58, 'Collare elisabettiano per 10 giorni', 71, 11),
(339, '2025-08-04', 'Controllo post-operatorio', 'Sovrappeso, dieta consigliata', 99.98, 'Antiparassitario mensile', 143, 8),
(340, '2025-08-16', 'Rimozione tartaro', NULL, 139.05, 'Collare elisabettiano per 10 giorni', 79, 10),
(341, '2022-01-30', 'Controllo cardiologico', 'Otite esterna', 146.38, 'Controllo tra 15 giorni', 219, 14),
(342, '2024-04-30', 'Visita specialistica', 'Frattura composta all''arto', 149.13, 'Integratore articolare', 42, 2),
(343, '2015-11-15', 'Vomito e inappetenza', 'Frattura composta all''arto', 149.68, 'Antibiotico per 7 giorni', 158, 12),
(344, '2022-08-12', 'Emergenza notturna', 'Parassitosi intestinale', 38.66, 'Collare elisabettiano per 10 giorni', 211, 3),
(345, '2021-09-11', 'Vaccinazione', 'Parassitosi intestinale', 137.3, 'Antibiotico per 7 giorni', 68, 4),
(346, '2026-05-13', 'Prurito cutaneo', NULL, 33.91, NULL, 103, 10),
(347, '2020-08-03', 'Diarrea persistente', 'Insufficienza renale iniziale', 26.66, 'Controllo tra 15 giorni', 199, 14),
(348, '2025-04-14', 'Prurito cutaneo', 'Otite esterna', 146.51, 'Antibiotico per 7 giorni', 218, 11),
(349, '2024-07-17', 'Zoppia', 'Parassitosi intestinale', 129.47, 'Shampoo dermatologico specifico', 131, 9),
(350, '2023-01-03', 'Vomito e inappetenza', 'Gastroenterite lieve', 145.85, 'Nessuna terapia necessaria', 93, 4),
(351, '2026-03-22', 'Sterilizzazione', 'Parassitosi intestinale', 105.25, 'Dieta ipoallergenica', 91, 11),
(352, '2021-11-30', 'Emergenza notturna', 'Gastroenterite lieve', 69.1, 'Antiparassitario mensile', 189, 12),
(353, '2024-07-29', 'Controllo post-operatorio', 'Tartaro dentale avanzato', 60.08, 'Nessuna terapia necessaria', 213, 9),
(354, '2023-11-30', 'Ferita da trauma', 'Nessuna anomalia riscontrata', 52.13, 'Nessuna terapia necessaria', 50, 8),
(355, '2024-05-28', 'Vaccinazione', 'Sovrappeso, dieta consigliata', 77.69, 'Nessuna terapia necessaria', 130, 2),
(356, '2024-09-22', 'Prurito cutaneo', 'Sovrappeso, dieta consigliata', 63.77, NULL, 30, 13),
(357, '2025-05-02', 'Pulizia dentale', 'Otite esterna', 173.99, 'Integratore articolare', 114, 7),
(358, '2025-03-14', 'Emergenza notturna', 'Parassitosi intestinale', 99.71, 'Antibiotico per 7 giorni', 118, 11),
(359, '2024-03-17', 'Diarrea persistente', 'Otite esterna', 149.03, 'Dieta ipoallergenica', 67, 2),
(360, '2024-01-24', 'Visita specialistica', 'Nessuna anomalia riscontrata', 63.48, 'Nessuna terapia necessaria', 106, 6),
(361, '2024-07-20', 'Vaccinazione', 'Sovrappeso, dieta consigliata', 98.87, 'Shampoo dermatologico specifico', 24, 7),
(362, '2026-05-06', 'Prurito cutaneo', 'Dermatite allergica', 102.34, 'Dieta ipoallergenica', 91, 4),
(363, '2022-10-06', 'Visita di follow-up', 'Displasia dell''anca', 60.53, 'Dieta ipoallergenica', 52, 4),
(364, '2026-01-26', 'Ferita da trauma', 'Tartaro dentale avanzato', 145.74, 'Shampoo dermatologico specifico', 214, 4),
(365, '2020-04-19', 'Diarrea persistente', 'Cardiopatia in fase di monitoraggio', 120.14, 'Controllo tra 15 giorni', 31, 15),
(366, '2015-10-26', 'Visita di follow-up', 'Insufficienza renale iniziale', 121.2, 'Integratore articolare', 196, 14),
(367, '2025-01-05', 'Visita di follow-up', 'Displasia dell''anca', 53.35, 'Controllo tra 15 giorni', 127, 15),
(368, '2026-05-02', 'Prurito cutaneo', 'Frattura composta all''arto', 141.28, 'Dieta ipoallergenica', 196, 15),
(369, '2021-06-24', 'Rimozione tartaro', 'Frattura composta all''arto', 170.65, 'Controllo tra 15 giorni', 33, 1),
(370, '2024-01-20', 'Sterilizzazione', 'Cardiopatia in fase di monitoraggio', 95.87, 'Shampoo dermatologico specifico', 9, 9),
(371, '2025-03-25', 'Pulizia dentale', 'Tartaro dentale avanzato', 26.83, 'Antibiotico per 7 giorni', 31, 12),
(372, '2026-03-16', 'Vaccinazione', 'Tartaro dentale avanzato', 119.98, 'Integratore articolare', 54, 7),
(373, '2025-02-20', 'Prurito cutaneo', 'Otite esterna', 98.06, 'Nessuna terapia necessaria', 67, 3),
(374, '2023-01-23', 'Vomito e inappetenza', 'Insufficienza renale iniziale', 57.63, 'Collare elisabettiano per 10 giorni', 157, 6),
(375, '2022-02-23', 'Controllo post-operatorio', 'Frattura composta all''arto', 94.86, 'Nessuna terapia necessaria', 180, 13),
(376, '2024-04-18', 'Diarrea persistente', 'Otite esterna', 136.73, 'Antinfiammatorio e riposo', 147, 3),
(377, '2026-02-08', 'Sterilizzazione', 'Frattura composta all''arto', 47.61, 'Dieta ipoallergenica', 206, 4),
(378, '2025-04-21', 'Rimozione tartaro', 'Nessuna anomalia riscontrata', 90.34, 'Shampoo dermatologico specifico', 190, 3),
(379, '2025-05-27', 'Diarrea persistente', 'Sovrappeso, dieta consigliata', 136.69, 'Antiparassitario mensile', 35, 15),
(380, '2026-04-27', 'Prurito cutaneo', 'Sovrappeso, dieta consigliata', 32.39, NULL, 202, 8),
(381, '2023-08-03', 'Controllo di routine', 'Otite esterna', 98.86, 'Nessuna terapia necessaria', 26, 12),
(382, '2023-05-16', 'Controllo cardiologico', 'Tartaro dentale avanzato', 80.95, 'Nessuna terapia necessaria', 162, 2),
(383, '2020-02-09', 'Controllo post-operatorio', 'Nessuna anomalia riscontrata', 43.79, 'Collare elisabettiano per 10 giorni', 144, 9),
(384, '2020-02-19', 'Ferita da trauma', 'Parassitosi intestinale', 52.05, 'Antiparassitario mensile', 174, 10),
(385, '2021-10-27', 'Controllo post-operatorio', 'Cardiopatia in fase di monitoraggio', 100.56, 'Antiparassitario mensile', 200, 5),
(386, '2026-07-08', 'Vaccinazione', 'Frattura composta all''arto', 69.41, NULL, 189, 8),
(387, '2017-01-14', 'Diarrea persistente', 'Tartaro dentale avanzato', 122.85, 'Collare elisabettiano per 10 giorni', 162, 3),
(388, '2018-08-22', 'Vaccinazione', 'Dermatite allergica', 60.37, 'Integratore articolare', 147, 7),
(389, '2021-06-12', 'Controllo cardiologico', 'Displasia dell''anca', 124.92, NULL, 82, 11),
(390, '2024-08-10', 'Rimozione tartaro', 'Tartaro dentale avanzato', 105.75, NULL, 70, 15),
(391, '2022-07-16', 'Vomito e inappetenza', 'Nessuna anomalia riscontrata', 137.8, 'Shampoo dermatologico specifico', 116, 7),
(392, '2013-05-03', 'Zoppia', 'Dermatite allergica', 40.97, 'Collare elisabettiano per 10 giorni', 170, 5),
(393, '2025-04-03', 'Pulizia dentale', 'Sovrappeso, dieta consigliata', 29.09, 'Antibiotico per 7 giorni', 17, 15),
(394, '2026-06-14', 'Vaccinazione', 'Gastroenterite lieve', 120.81, 'Nessuna terapia necessaria', 102, 9),
(395, '2025-07-06', 'Prurito cutaneo', 'Otite esterna', 139.33, 'Dieta ipoallergenica', 22, 11),
(396, '2024-02-10', 'Vomito e inappetenza', 'Sovrappeso, dieta consigliata', 29.43, 'Shampoo dermatologico specifico', 114, 11),
(397, '2018-11-02', 'Visita di follow-up', 'Insufficienza renale iniziale', 176.12, 'Controllo tra 15 giorni', 170, 6),
(398, '2024-09-29', 'Visita specialistica', 'Insufficienza renale iniziale', 175.28, 'Shampoo dermatologico specifico', 139, 15),
(399, '2015-12-21', 'Ferita da trauma', 'Parassitosi intestinale', 122.81, 'Controllo tra 15 giorni', 179, 9),
(400, '2025-10-09', 'Sterilizzazione', 'Sovrappeso, dieta consigliata', 73.0, 'Antiparassitario mensile', 163, 15);

INSERT INTO Visita (CodiceVisita, Data, Motivo, Diagnosi, Costo, Terapia, CodiceAnimale, CodiceVeterinario) VALUES
(401, '2025-10-25', 'Zoppia', 'Gastroenterite lieve', 72.72, 'Controllo tra 15 giorni', 89, 8),
(402, '2022-01-15', 'Prurito cutaneo', 'Nessuna anomalia riscontrata', 106.11, 'Antibiotico per 7 giorni', 106, 5),
(403, '2017-07-21', 'Controllo post-operatorio', 'Displasia dell''anca', 107.94, 'Controllo tra 15 giorni', 195, 14),
(404, '2026-02-22', 'Rimozione tartaro', 'Insufficienza renale iniziale', 26.42, 'Nessuna terapia necessaria', 177, 15),
(405, '2023-08-31', 'Ferita da trauma', 'Otite esterna', 109.97, 'Antibiotico per 7 giorni', 111, 13),
(406, '2024-06-24', 'Sterilizzazione', 'Frattura composta all''arto', 50.31, 'Dieta ipoallergenica', 49, 7),
(407, '2023-09-19', 'Visita di follow-up', 'Frattura composta all''arto', 65.76, 'Dieta ipoallergenica', 189, 11),
(408, '2019-04-05', 'Visita specialistica', 'Parassitosi intestinale', 69.12, 'Nessuna terapia necessaria', 109, 11),
(409, '2025-07-10', 'Sterilizzazione', 'Otite esterna', 53.27, 'Antinfiammatorio e riposo', 191, 9),
(410, '2024-06-14', 'Pulizia dentale', 'Parassitosi intestinale', 67.18, 'Controllo tra 15 giorni', 75, 2),
(411, '2016-01-28', 'Controllo post-operatorio', 'Nessuna anomalia riscontrata', 32.69, 'Shampoo dermatologico specifico', 160, 8),
(412, '2021-09-29', 'Vaccinazione', 'Displasia dell''anca', 44.38, 'Nessuna terapia necessaria', 137, 1),
(413, '2011-12-27', 'Zoppia', 'Gastroenterite lieve', 27.28, 'Shampoo dermatologico specifico', 113, 12),
(414, '2020-03-02', 'Prurito cutaneo', 'Insufficienza renale iniziale', 96.87, 'Integratore articolare', 56, 6),
(415, '2026-03-28', 'Vaccinazione', 'Dermatite allergica', 66.31, 'Antibiotico per 7 giorni', 203, 1),
(416, '2026-05-11', 'Pulizia dentale', 'Dermatite allergica', 163.83, 'Dieta ipoallergenica', 101, 2),
(417, '2025-08-28', 'Visita di follow-up', 'Nessuna anomalia riscontrata', 176.06, 'Antinfiammatorio e riposo', 65, 14),
(418, '2025-10-07', 'Rimozione tartaro', 'Insufficienza renale iniziale', 139.33, 'Dieta ipoallergenica', 183, 4),
(419, '2024-09-08', 'Controllo cardiologico', 'Gastroenterite lieve', 128.23, 'Antiparassitario mensile', 9, 4),
(420, '2025-12-08', 'Diarrea persistente', 'Displasia dell''anca', 49.58, 'Integratore articolare', 54, 8),
(421, '2026-03-08', 'Emergenza notturna', 'Sovrappeso, dieta consigliata', 43.93, 'Antiparassitario mensile', 187, 1),
(422, '2025-08-28', 'Zoppia', 'Tartaro dentale avanzato', 158.87, 'Antibiotico per 7 giorni', 124, 11),
(423, '2018-02-06', 'Diarrea persistente', 'Frattura composta all''arto', 27.34, 'Integratore articolare', 56, 2),
(424, '2025-12-25', 'Sterilizzazione', 'Otite esterna', 175.17, 'Antibiotico per 7 giorni', 204, 5),
(425, '2024-08-12', 'Controllo cardiologico', 'Parassitosi intestinale', 82.57, 'Shampoo dermatologico specifico', 149, 13),
(426, '2020-11-13', 'Pulizia dentale', 'Gastroenterite lieve', 77.46, NULL, 23, 4),
(427, '2016-09-11', 'Controllo di routine', 'Tartaro dentale avanzato', 133.71, 'Shampoo dermatologico specifico', 195, 11),
(428, '2025-12-13', 'Pulizia dentale', 'Otite esterna', 177.16, 'Integratore articolare', 203, 2),
(429, '2026-06-24', 'Controllo post-operatorio', 'Insufficienza renale iniziale', 28.31, 'Dieta ipoallergenica', 202, 11),
(430, '2026-03-23', 'Vomito e inappetenza', 'Displasia dell''anca', 100.22, 'Antibiotico per 7 giorni', 97, 6),
(431, '2018-05-31', 'Visita specialistica', NULL, 54.42, 'Controllo tra 15 giorni', 113, 9),
(432, '2026-06-19', 'Controllo post-operatorio', NULL, 67.68, 'Controllo tra 15 giorni', 48, 9),
(433, '2024-04-04', 'Vomito e inappetenza', 'Gastroenterite lieve', 49.03, 'Antiparassitario mensile', 213, 10),
(434, '2019-09-01', 'Visita specialistica', 'Tartaro dentale avanzato', 25.11, 'Controllo tra 15 giorni', 76, 14),
(435, '2020-01-06', 'Controllo cardiologico', 'Dermatite allergica', 121.06, 'Antibiotico per 7 giorni', 164, 9),
(436, '2024-09-27', 'Zoppia', 'Tartaro dentale avanzato', 127.03, 'Antinfiammatorio e riposo', 94, 13),
(437, '2023-02-24', 'Zoppia', 'Sovrappeso, dieta consigliata', 143.69, 'Controllo tra 15 giorni', 138, 14),
(438, '2019-03-14', 'Controllo post-operatorio', 'Frattura composta all''arto', 42.12, 'Integratore articolare', 40, 10),
(439, '2016-03-11', 'Controllo di routine', 'Dermatite allergica', 160.39, 'Shampoo dermatologico specifico', 134, 11),
(440, '2025-06-29', 'Zoppia', 'Gastroenterite lieve', 113.51, 'Antibiotico per 7 giorni', 52, 2),
(441, '2026-03-29', 'Visita specialistica', 'Parassitosi intestinale', 64.67, NULL, 215, 7),
(442, '2024-07-30', 'Controllo cardiologico', 'Gastroenterite lieve', 169.18, 'Antibiotico per 7 giorni', 94, 4),
(443, '2026-01-29', 'Emergenza notturna', 'Gastroenterite lieve', 149.16, 'Controllo tra 15 giorni', 54, 11),
(444, '2022-02-06', 'Controllo cardiologico', 'Frattura composta all''arto', 148.11, 'Integratore articolare', 16, 6),
(445, '2020-12-06', 'Visita specialistica', 'Nessuna anomalia riscontrata', 154.34, 'Antinfiammatorio e riposo', 15, 14),
(446, '2025-06-24', 'Vaccinazione', 'Gastroenterite lieve', 107.41, 'Dieta ipoallergenica', 20, 4),
(447, '2023-09-16', 'Diarrea persistente', 'Otite esterna', 121.93, NULL, 49, 4),
(448, '2026-01-17', 'Sterilizzazione', NULL, 143.77, 'Antinfiammatorio e riposo', 46, 9),
(449, '2026-03-22', 'Controllo cardiologico', 'Cardiopatia in fase di monitoraggio', 161.84, 'Collare elisabettiano per 10 giorni', 148, 6),
(450, '2024-01-27', 'Visita specialistica', 'Frattura composta all''arto', 77.31, 'Antiparassitario mensile', 43, 13),
(451, '2025-12-26', 'Pulizia dentale', 'Tartaro dentale avanzato', 110.26, 'Integratore articolare', 41, 9),
(452, '2025-10-12', 'Sterilizzazione', 'Cardiopatia in fase di monitoraggio', 153.05, 'Collare elisabettiano per 10 giorni', 84, 14),
(453, '2022-08-25', 'Ferita da trauma', 'Sovrappeso, dieta consigliata', 83.13, 'Dieta ipoallergenica', 83, 10),
(454, '2026-03-08', 'Prurito cutaneo', 'Tartaro dentale avanzato', 94.36, 'Controllo tra 15 giorni', 141, 15),
(455, '2026-06-09', 'Controllo di routine', 'Displasia dell''anca', 27.53, NULL, 102, 1),
(456, '2019-04-06', 'Controllo di routine', 'Displasia dell''anca', 58.3, 'Dieta ipoallergenica', 35, 15),
(457, '2022-06-23', 'Emergenza notturna', 'Sovrappeso, dieta consigliata', 111.23, 'Antiparassitario mensile', 81, 1),
(458, '2018-11-24', 'Controllo di routine', 'Insufficienza renale iniziale', 49.2, 'Integratore articolare', 147, 3),
(459, '2024-01-25', 'Zoppia', 'Otite esterna', 150.72, 'Nessuna terapia necessaria', 68, 6),
(460, '2025-03-14', 'Ferita da trauma', 'Otite esterna', 137.15, 'Antinfiammatorio e riposo', 24, 10),
(461, '2026-01-06', 'Pulizia dentale', NULL, 152.02, NULL, 203, 8),
(462, '2023-10-07', 'Prurito cutaneo', 'Nessuna anomalia riscontrata', 84.14, NULL, 25, 10),
(463, '2026-06-26', 'Controllo post-operatorio', 'Tartaro dentale avanzato', 89.56, 'Collare elisabettiano per 10 giorni', 200, 1),
(464, '2021-12-17', 'Controllo cardiologico', 'Cardiopatia in fase di monitoraggio', 168.94, NULL, 31, 14),
(465, '2021-09-13', 'Controllo di routine', 'Displasia dell''anca', 31.38, 'Antiparassitario mensile', 163, 13),
(466, '2024-01-22', 'Controllo post-operatorio', 'Sovrappeso, dieta consigliata', 48.75, 'Dieta ipoallergenica', 139, 10),
(467, '2025-10-31', 'Pulizia dentale', 'Parassitosi intestinale', 103.23, NULL, 173, 12),
(468, '2024-12-05', 'Rimozione tartaro', 'Frattura composta all''arto', 45.49, 'Shampoo dermatologico specifico', 57, 7),
(469, '2026-01-08', 'Controllo cardiologico', 'Nessuna anomalia riscontrata', 86.87, 'Antiparassitario mensile', 22, 8),
(470, '2025-10-28', 'Sterilizzazione', NULL, 143.12, 'Shampoo dermatologico specifico', 22, 7),
(471, '2025-07-08', 'Pulizia dentale', 'Frattura composta all''arto', 55.4, NULL, 124, 9),
(472, '2026-06-18', 'Zoppia', 'Otite esterna', 66.27, 'Antinfiammatorio e riposo', 158, 12),
(473, '2025-11-11', 'Emergenza notturna', 'Parassitosi intestinale', 42.44, 'Antinfiammatorio e riposo', 111, 6),
(474, '2023-03-21', 'Controllo post-operatorio', 'Otite esterna', 78.4, 'Integratore articolare', 106, 7),
(475, '2023-08-12', 'Vomito e inappetenza', 'Tartaro dentale avanzato', 152.35, NULL, 168, 1),
(476, '2021-07-07', 'Pulizia dentale', 'Nessuna anomalia riscontrata', 55.95, 'Dieta ipoallergenica', 206, 8),
(477, '2019-04-25', 'Vaccinazione', NULL, 62.67, 'Antibiotico per 7 giorni', 96, 3),
(478, '2022-07-08', 'Visita di follow-up', 'Displasia dell''anca', 78.21, 'Antibiotico per 7 giorni', 159, 15),
(479, '2023-04-20', 'Pulizia dentale', 'Insufficienza renale iniziale', 76.44, 'Antibiotico per 7 giorni', 206, 2),
(480, '2024-07-27', 'Zoppia', 'Sovrappeso, dieta consigliata', 141.31, 'Antiparassitario mensile', 190, 9),
(481, '2025-07-02', 'Controllo cardiologico', 'Dermatite allergica', 83.37, 'Antibiotico per 7 giorni', 141, 8),
(482, '2012-07-08', 'Prurito cutaneo', 'Dermatite allergica', 69.02, 'Antibiotico per 7 giorni', 170, 9),
(483, '2026-02-25', 'Controllo di routine', 'Insufficienza renale iniziale', 35.32, 'Antibiotico per 7 giorni', 203, 12),
(484, '2026-05-31', 'Visita di follow-up', 'Cardiopatia in fase di monitoraggio', 158.96, 'Integratore articolare', 170, 5),
(485, '2026-04-15', 'Zoppia', 'Frattura composta all''arto', 176.37, 'Antiparassitario mensile', 5, 5),
(486, '2024-06-10', 'Pulizia dentale', 'Parassitosi intestinale', 38.64, 'Antiparassitario mensile', 26, 15),
(487, '2022-01-21', 'Visita specialistica', NULL, 31.16, 'Antibiotico per 7 giorni', 51, 9),
(488, '2023-01-21', 'Pulizia dentale', 'Frattura composta all''arto', 27.85, 'Shampoo dermatologico specifico', 136, 5),
(489, '2022-01-25', 'Diarrea persistente', 'Displasia dell''anca', 179.38, 'Dieta ipoallergenica', 176, 6),
(490, '2021-03-22', 'Diarrea persistente', 'Displasia dell''anca', 163.01, 'Collare elisabettiano per 10 giorni', 129, 5),
(491, '2026-05-03', 'Prurito cutaneo', 'Otite esterna', 77.98, 'Shampoo dermatologico specifico', 209, 1),
(492, '2024-01-31', 'Vaccinazione', NULL, 105.71, 'Collare elisabettiano per 10 giorni', 101, 11),
(493, '2024-12-02', 'Diarrea persistente', 'Otite esterna', 62.26, 'Collare elisabettiano per 10 giorni', 174, 10),
(494, '2019-07-12', 'Emergenza notturna', 'Parassitosi intestinale', 94.62, 'Integratore articolare', 40, 7),
(495, '2021-01-16', 'Ferita da trauma', 'Sovrappeso, dieta consigliata', 158.7, 'Dieta ipoallergenica', 34, 4),
(496, '2025-06-23', 'Emergenza notturna', 'Dermatite allergica', 179.33, 'Collare elisabettiano per 10 giorni', 80, 12),
(497, '2026-01-22', 'Emergenza notturna', 'Dermatite allergica', 35.51, 'Integratore articolare', 198, 3),
(498, '2020-12-26', 'Vomito e inappetenza', 'Tartaro dentale avanzato', 137.7, 'Shampoo dermatologico specifico', 137, 12),
(499, '2024-02-26', 'Sterilizzazione', 'Displasia dell''anca', 140.57, 'Controllo tra 15 giorni', 196, 6),
(500, '2024-06-19', 'Emergenza notturna', NULL, 48.55, 'Nessuna terapia necessaria', 211, 15);

-- Disattivazione di alcuni veterinari (dopo lo storico visite)
-- Eseguita per ultima: le visite sopra sono state inserite mentre questi veterinari risultavano ancora attivi,
-- quindi il trigger non ha bloccato l'inserimento. Ora si marcano come non più attivi, senza toccare lo storico già registrato.
UPDATE Veterinario SET Attivo = 0 WHERE CodiceVeterinario IN (14, 15);